company_id,apollo_id,name,domain,industry,city,address,annual_revenue,employee_count,engineering_headcount,it_headcount,short_description,people_found_count,enriched,people_searched,created_at,updated_at
1,57c504b8a6da986a7fcaa3ff,Judo,judo.bank,banking,Melbourne,"queen and collins, 376-390 collins street, level 26, melbourne, victoria 3000, au",227000000.0,630.0,25.0,1.0,"Judo Bank is an Australian neobank based in Melbourne, established in 2016. It focuses on providing tailored lending solutions to small and medium-sized enterprises (SMEs) that often find it challenging to secure credit from traditional banks. Judo Bank operates with a relationship-based approach, emphasizing personalized service for its SME clients. The bank received its banking license in April 2019 and has since grown significantly, amassing over AU$1.5 billion in deposits and loans, serving around 10,000 customers.

In addition to SME lending, Judo Bank offers personal term deposit products with competitive interest rates ranging from 1.6% to 2.15%. The company has raised substantial equity and debt funding to support its growth and positions itself as a trusted partner for SMEs in Australia. With a commitment to values such as accountability and teamwork, Judo Bank aims to enhance the banking experience for its customers while continuing to expand its services in the financial sector.",5,1,1,2026-02-09 05:35:25,2026-02-18 00:54:45
2,5a9f4d6fa6da98d98c73a7e6,Prospa,prospa.com,financial services,Darlinghurst,"level 1, 4-16 yurong street, sydney, nsw 2010, au",190272000.0,270.0,61.0,2.0,"Prospa is an Australian financial technology company founded in 2012, specializing in online lending services for small and medium-sized enterprises (SMEs). Headquartered in Sydney, it operates in Australia and New Zealand, providing fast, technology-driven solutions to address cash flow challenges. Prospa is publicly listed on the Australian Securities Exchange and reported $238 million in revenue in 2024.

The company offers flexible financing options through a single online platform, including business loans ranging from $5,000 to $1 million, lines of credit, and a business account for enhanced cash flow management. Prospa's Credit Decision Engine analyzes over 450 data points for quick approvals, often within 24 hours, requiring minimal documentation. With a focus on customer satisfaction and innovation, Prospa has funded over 50,000 businesses with $4 billion in loans, establishing itself as Australia's leading online small business lender.",5,1,1,2026-02-09 05:35:25,2026-02-18 00:54:48
3,5e55c13bf77548000141d571,Experian,experian.com.au,information services,Southbank,"2 southbank blvd, southbank, victoria 3006, au",36700000.0,290.0,43.0,10.0,"Illion is part of Experian, a global information services company that operates in Australia and New Zealand. Experian specializes in data, analytics, and software solutions that support business growth, risk management, and customer insights. The company employs over 25,000 people and serves a wide range of sectors, including financial services, healthcare, and insurance.

In Australia and New Zealand, Illion focuses on credit decisions, fraud prevention, and business intelligence. Its offerings include a unified platform for credit risk and customer management, insights into the financial health of businesses, and marketing services that provide financial intelligence for B2B campaigns. Additionally, Illion provides consumer credit services, including free credit reports and privacy-compliant credit reporting. The company is recognized for its workplace culture and commitment to equitable practices.",5,1,1,2026-02-09 05:35:25,2026-02-18 00:54:51
4,5ed0b6c805084c0001ae5876,Equifax,equifax.com.au,financial services,North Sydney,"100 arthur st, north sydney, new south wales au",309100000.0,440.0,41.0,3.0,"Equifax Australia operates as the Australian and New Zealand branch of Equifax Inc., a global leader in data, analytics, and technology. With over 50 years of experience, the company specializes in credit reporting, business insights, fraud prevention, and decision-making tools. It manages extensive data on over 16 million Australian consumers and 3.6 million businesses, contributing to a global database that supports informed financial decisions.

The company offers a variety of data-driven solutions, including credit reports, fraud detection, identity verification, and workforce solutions. Its services cater to financial institutions, businesses, government agencies, and more, helping clients manage risk and enhance customer acquisition. Equifax Australia also provides marketing insights and analytics, leveraging advanced technology to support its clients' financial goals.",5,1,1,2026-02-09 05:35:25,2026-02-18 00:54:54
7,618b782cd55bfc00da2e3740,Block Earner,blockearner.com.au,financial services,Sydney,"11-17 york street, sydney, new south wales, australia, 2000",500000.0,29.0,13.0,0.0,"Block Earner is an Australian fintech company based in Sydney, specializing in cryptocurrency exchange and decentralized finance (DeFi) services. Founded in 2021, it operates as a registered digital currency exchange with AUSTRAC. The company aims to make digital finance accessible to everyone, connecting cryptocurrency with everyday financial needs and modernizing finance for Australians.

Block Earner offers a range of financial products, including a cryptocurrency trading platform, high-rate yield accounts with fixed and variable returns, crypto-backed loans, and Bitcoin-backed home loans. The company primarily serves individuals looking to engage with the cryptocurrency market and DeFi services, focusing on everyday Australians who want to utilize their digital assets in real-world applications.

Co-founded by Charlie Karaboga and Jordan Momtazi, Block Earner has received multiple awards for innovation in 2024-2025 and successfully raised $8 million in a Series A funding round. The company is recognized for its commitment to simplifying decentralized finance and driving blockchain technology toward broader adoption.",0,1,1,2026-02-09 05:35:25,2026-02-18 00:54:57
8,66418aee75685c01c7fffc2f,Carrington Labs,carringtonlabs.com,financial services,Sydney,"77 castlereagh st, level 9, suite 1, sydney, new south wales 2000, au",0.0,10.0,2.0,1.0,"Carrington Labs is a fintech company based in Irving, Texas, that specializes in AI-powered credit risk management solutions. The company provides tools for banks, financial institutions, non-bank lenders, and credit unions to enhance their underwriting processes, promote inclusive lending, and optimize loan performance using non-traditional data sources like transactional data. 

Founded in March 2024 as a business line of Beforepay Group Limited, Carrington Labs commercializes proprietary AI risk models and a lending platform originally designed for ethical lending products. Their offerings include credit risk scoring, loan sizing and pricing recommendations, line management systems, and an automated loan origination and servicing platform. These solutions are designed to improve efficiency and outcomes for lenders while enabling them to better assess risk and manage portfolios. Carrington Labs is a Gold Member of the American Bankers Association Partner Network, highlighting its commitment to the banking industry.",2,1,1,2026-02-09 05:35:25,2026-02-18 00:55:00
9,612da0b03a28140001d28905,Corporate Alliance Group,corporatealliance.com,financial services,Sydney,"l22,8 chifley square, sydney, new south wales 2000, au",0.0,38.0,0.0,1.0,"Corporate Alliance, also known as Corporate Alliance Group Pty Ltd or CAFX, is a fintech company based in Australia that specializes in global payment and foreign exchange (FX) services. Founded in 2013, the company operates as a licensed FX payment provider, offering innovative solutions for businesses to manage international finance. With offices in Sydney, Melbourne, Auckland, and Hong Kong, Corporate Alliance serves small to medium-sized enterprises and corporates across 180+ countries and 39 currencies.

The company provides a comprehensive suite of services, including FX risk management, global payment infrastructure, and working capital solutions. Their FX risk management includes tailored hedging contracts and options trading to help clients mitigate currency volatility. The payment services feature end-to-end tracking and instant domestic payments, while the finance solutions offer quick funding facilities with efficient approval processes. Corporate Alliance is committed to enhancing the financial operations of its clients through technology-driven platforms and strategic partnerships.",4,1,1,2026-02-09 05:35:25,2026-02-18 00:55:03
10,57c4920fa6da98165bbb2a7b,OFX,ofx.com,financial services,Sydney,"level 19/60 margaret st, sydney, nsw 2000, au",5219000.0,690.0,85.0,7.0,"OFX, formerly known as OzForex, is an Australian financial technology company founded in 1998. It specializes in international money transfers, foreign exchange services, and payment solutions. Headquartered in Sydney, OFX operates globally with offices in major cities including London, Toronto, and San Francisco. The company is publicly listed on the Australian Securities Exchange under the ticker OFX and employs over 700 people.

OFX offers a range of services, including online money transfer platforms, corporate cards, and Software as a Service (SaaS) solutions for managing cross-border finances. It serves a diverse clientele, including individuals, small to mid-sized businesses, and large enterprises, with a focus on providing competitive exchange rates and 24/7 specialist support. With over 1 million clients and a strong presence in markets across Asia Pacific, North America, and Europe, OFX emphasizes efficient and cost-effective global money movement.",5,1,1,2026-02-09 05:35:25,2026-02-18 00:55:06
11,64bcc5d623bd0c000143b51d,Covalent,covalent.com.au,plastics,,australia,0.0,1.0,0.0,1.0,"Covalent Techologies was formed after identifying the need to provide truly independent and professional technical services to the plastic pipe construction market.

We operate a NATA accredited testing laboratory that is aligned to the needs of the HDPE pipe sector, conducting tensile, peel and bend tests for qualification, machine and production overchecks.

We also offer failure analysis services and site QA/QC support. 
Covalent Technologies are proud to be partnered with likeminded organisations from all over the world who share or passion for quality. Our partners include ControlPoint, Innovex and Vietz.",0,1,1,2026-02-09 05:35:25,2026-02-18 00:55:09
12,55699689736964251e636000,Lakeba,lakeba.com,information technology & services,Sydney,"99 york st, level 7, sydney, new south wales 2000, au",30100000.0,190.0,77.0,4.0,"Lakeba Group is a global venture studio based in Manly, Sydney, Australia, founded in 2013. The company focuses on conceiving, creating, and commercializing digital technology ventures, primarily in areas such as AI, FinTech, PropTech, SaaS, cybersecurity, and data analytics. Lakeba aims to streamline analog transactions in sectors like retail, finance, and property by assembling teams of technologists, entrepreneurs, and investors to build ventures within 3-6 months.

Since its inception, Lakeba has launched 13 ventures, including ezidox, a fintech initiative, Quixxi Security, a cybersecurity solution, and 360Dgrees, a VR platform. The company has expanded its operations to the US and employs around 143-160 specialists across multiple countries. With a reported revenue of $25.4 million and approximately $35 million raised in capital, Lakeba has been recognized as one of Australia's fastest-growing companies and a Microsoft Gold Partner. The founder of Lakeba is Giuseppe Porcelli.",2,1,1,2026-02-09 05:35:25,2026-02-18 00:55:12
13,56dcfd68f3e5bb1ad50008e5,Flare,flarehr.com,financial services,Sydney,"1 munn st, millers point, new south wales 2000, au",22100000.0,120.0,21.0,2.0,"Flare (Flare HR Pty Ltd) is a fintech and HR software company based in Sydney, Australia, founded in 2015. The company specializes in employee onboarding, benefits management, financial wellness, and payroll solutions, aiming to enhance employee experiences and workplace efficiency. Acquired by MYOB Group in September 2022, Flare operates as Australia's largest benefits platform, helping one in three Australian employees access pay and benefits through integrated technology.

Flare offers a mobile-app-based HR platform that includes features such as digital employee onboarding, a wide range of pre- and post-tax benefits from over 500 brands, and tools for financial wellness and payroll integration. The platform is designed to optimize operations and compliance while supporting businesses of all sizes. With a focus on a people-first culture, Flare emphasizes employee well-being and innovation, making it a valuable partner for organizations looking to improve employee engagement and retention.",3,1,1,2026-02-09 05:35:25,2026-02-18 00:55:15
14,54a1341169702d3a9c080500,GBST,gbst.com,information technology & services,Sydney,"level 5, 55 market street, sydney, new south wales 2000, au",76056000.0,470.0,96.0,7.0,"GBST is a global fintech company based in Sydney, Australia, founded in 1983. It specializes in technology solutions for wealth management and advice organizations, serving over 100 financial services firms across various regions, including EMEA, North America, Australia, New Zealand, the UK, and Asia. The company supports more than 5.5 million investor accounts and manages £250 billion in assets.

With over 40 years of experience, GBST has transitioned from legacy systems to a modern, cloud-based technology stack. The company focuses on innovation in the WealthTech sector, continuously investing in its platforms to adapt to regulatory changes and market demands. GBST offers a comprehensive suite of financial software and services, including wealth management administration, shares and derivatives platforms, digital advice solutions, and enhanced customer experience tools. Its solutions are designed for efficiency, flexibility, and scalability, catering to a diverse range of financial products and channels.",5,1,1,2026-02-09 05:35:25,2026-02-18 00:55:18
15,5a9d874ea6da98d9663f1fb8,Identitii,identitii.com,information technology & services,Sydney,"129 cathedral st, sydney, new south wales 2011, au",508000.0,15.0,4.0,1.0,"Identitii is an Australian technology company based in Woolloomooloo, New South Wales, founded in 2014 and publicly listed since 2018. The company focuses on connecting payment information to enable secure digital commerce. It specializes in blockchain-based platforms and regulatory technology solutions for the financial services industry.

Identitii offers a range of products, including BNDRY, a compliance embedding platform, and Overlay+, which automates regulatory reporting. Other offerings include RFI for compliance management, SERRA, a platform for major banks, and a stake in the fintech solution Payble. The company provides secure financial information sharing, payment data remediation, transaction tracking, and professional services, primarily targeting banks, fintechs, regulators, and enterprise organizations.

Identitii is recognized for its patent-protected technology in secure financial information sharing and has achieved several accolades, including ISO 27001 certification and multiple industry awards.",0,1,1,2026-02-09 05:35:25,2026-02-18 00:55:21
16,5e5839c9eedbc700019b770e,Inlogik,inlogik.com,information technology & services,Sydney,"suite 2, level 13, 20 hunter street, sydney, nsw 200, au",12500000.0,88.0,39.0,2.0,"Inlogik is a global provider of a card management, control, and reporting platform tailored for banks, issuers, corporates, and end users. With over 30 years of experience in the spend management industry, Inlogik offers a modular online platform that enhances security and compliance while improving user experience. The platform integrates seamlessly with existing banking systems and supports quick adaptability, multi-region and multi-currency reporting, and customizable dashboards.

The core offering is the Card Management Platform (CMP), which provides a single-dashboard solution for card issuing, spend controls, and expense management. It features real-time self-service portals, customizable integrations, and robust analytics. Inlogik also emphasizes high security and regulatory compliance, holding certifications such as PCI DSS and ISO 27001. The company is committed to providing exceptional support through various channels and ongoing updates, ensuring a smooth experience for its clients.",4,1,1,2026-02-09 05:35:25,2026-02-18 00:55:24
17,55699bc373696425c4c76400,Ingenico APAC,ingenico.com,financial services,Suresnes,"13, rue pagès, suresnes, île-de-france 92150, fr",3300000000.0,7100.0,612.0,157.0,"Ingenico is a global leader in payment acceptance solutions, founded in 1980 in France. The company specializes in secure electronic transaction technologies, including point-of-sale (POS) terminals, payment services, and digital/mobile solutions. Ingenico has installed over 30 million POS terminals worldwide, supporting more than 250 payment methods and managing billions of transactions annually.

The company offers a range of products and services, including ePayments, Payments Platform as a Service (PPaaS), and omnichannel solutions. Ingenico also provides digital and mobile payment solutions, focusing on fraud prevention and PCI-SSV certified devices. With a presence in 37 countries and approximately 4,500 employees, Ingenico serves various industries, including banking, retail, transportation, and healthcare. The company has evolved from its hardware roots to a transaction-based revenue model, partnering with around 1,000 banks and acquirers globally.",2,1,1,2026-02-09 05:35:25,2026-02-18 00:55:27
18,5f7ec6480a7ce8008c1b9c9e,LoanOptions.ai,loanoptions.ai,financial services,Rhodes,"1 homebush bay dr, building f, level 4, suite 2, rhodes, new south wales 2138, au",0.0,32.0,2.0,1.0,"LoanOptions.ai is Australia's first AI-powered loan comparison platform, founded in 2020 by Julian Fayad. Based in Rhodes, Sydney, the company connects borrowers with competitive loan options from a wide range of lenders. It employs advanced AI technology to streamline the loan application process across various categories, including personal, car, business, equipment, asset finance, working capital, and home loans.

The platform features an Auto Complete Engine (ACE) that pre-fills client information and matches applicants with lender requirements, significantly reducing application time. LoanOptions.ai offers real-time loan matching, pre-approval functionality with numerous banks and lenders, and a Loan Tracker tool for monitoring application status. The company serves individual borrowers, mortgage brokers, car dealers, financial advisors, and lenders, providing a transparent and efficient loan origination process. With strong growth metrics, LoanOptions.ai has established itself as a market leader in the loan comparison industry.",1,1,1,2026-02-09 05:35:25,2026-02-18 00:55:30
19,5da4b4906d613c00018a70e3,MemberCheck,membercheck.com,information technology & services,Sydney,"7 railway st, suite 213, chatswood, new south wales 2067, au",0.0,12.0,1.0,0.0,"MemberCheck is a cloud-based compliance platform based in Chatswood, New South Wales, Australia. Founded in 2008, it specializes in anti-money laundering (AML), counter-terrorism financing (CTF), know your customer (KYC), and know your business (KYB) risk management solutions for financial institutions and regulated entities. As part of the Neurocom Group, MemberCheck has over 15 years of experience in providing data-driven fraud and risk management tools.

The platform offers comprehensive screening, ongoing monitoring, and workflow tools to streamline the customer risk lifecycle. Key features include screening for politically exposed persons, sanctions, and ID verification, along with real-time monitoring and alerts. MemberCheck emphasizes easy integration through API, enabling seamless onboarding and compliance management. It serves medium to large organizations in high-risk sectors such as banks, insurance companies, and cryptocurrency providers, focusing on global AML and CTF compliance.",1,1,1,2026-02-09 05:35:25,2026-02-18 00:55:33
20,613b2ae5c6b46c0001a3e238,Paylab,paylab.com.au,financial services,Sydney,"153 walker st, north sydney, new south wales 2060, au",0.0,15.0,3.0,1.0,"Paylab has created a dynamic platform that allows everyday Australians to save money!

You can put $100+ per month back in your pocket on both everyday and big one-off purchases with savings of up to 15% at Australia's biggest retailers.",0,1,1,2026-02-09 05:35:25,2026-02-18 00:55:36
21,55697abb7369642525ad3800,PokItPal,pokitpal.com,information technology & services,Potts Point,"24 bayswater road, 103, potts point, nsw 2011, au",0.0,21.0,3.0,0.0,"PokitPal is an Australian cashback and rewards platform based in New South Wales. Founded in 2008, it operates in the financial technology sector, focusing on card-linked offers and real-time rewards for consumers. The platform allows users to earn cashback seamlessly through their existing debit or credit cards, eliminating the need for loyalty cards. PokitPal leverages partnerships with Visa and Mastercard to provide instant rewards and utilizes geofencing and AI for personalized user experiences.

The company offers a range of services for consumers, businesses, and financial institutions. For consumers, it features a Round-Up product that helps users save and invest with every transaction. Businesses can benefit from merchant-funded offers with no setup costs, while banks can access white-label solutions for easy integration into their systems. PokitPal partners with over 800 brands, including major names like Booking.com and ASOS, and has a strong presence in the Australian market, enhancing customer experiences across 92% of retailers.",1,1,1,2026-02-09 05:35:25,2026-02-18 00:55:39
22,615e7ecb8e990a0001218c01,Quickli,quickli.com.au,financial services,Sydney,"sydney, new south wales, australia",0.0,42.0,16.0,0.0,"Quickli is a leading mortgage technology platform based in Bondi, Australia, founded in late 2021 by Eric Dill and Angus Keatinge. The company has approximately 40 employees and serves over 12,000 users, which includes more than 50% of Australia's mortgage brokers. Quickli has achieved significant growth, generating AUD $5 million in annual recurring revenue as of 2024, primarily through word-of-mouth within the broker community.

The platform offers a comprehensive solution that simplifies lender servicing calculations for 45-50+ lenders, drastically reducing manual data entry time with high accuracy. Key features include an extensive policy library, a Funds Position tool, a Refinance Feasibility Calculator, and customizable white-label widgets for broker websites. Quickli also fosters a broker community for sharing insights and deals, enhancing collaboration among users. The platform's effectiveness has earned it multiple awards, including “Broker Technology Platform of the Year” for 2023 and 2024.",1,1,1,2026-02-09 05:35:25,2026-02-18 00:55:42
23,54a11ccc69702d8aa115ba00,Resimac,resimac.com.au,financial services,Sydney,"level 22, 201 kent street, sydney, new south wales 2000, au",106947000.0,250.0,20.0,4.0,"Resimac Group Ltd is a prominent Australian non-bank lender that specializes in residential mortgages and asset finance. Established in 1985, the company operates mainly in Australia and New Zealand. Resimac originates, services, and securitizes loans through accredited brokers and wholesale partners, managing a substantial loan portfolio funded by international capital markets. The company has issued nearly $50 billion in asset-backed securities since 1987.

Resimac offers a range of lending products, including prime and non-conforming residential mortgages with flexible options and competitive rates. Their CustomerZone platform allows customers to manage their loans online. Additionally, they provide asset finance for cars, equipment, and other assets. With a focus on risk management and low delinquency rates, Resimac serves a diverse customer base, including over 55,000 individual and SME borrowers. The company is headquartered in Sydney and adheres to ASX transparency standards.",5,1,1,2026-02-09 05:35:25,2026-02-18 00:55:45
24,66680bb4b611640001b6bf4c,Zepto,zepto.com.au,financial services,Byron Bay,"7b/11 banksia drive, byron bay, new south wales, australia, 2481",0.0,120.0,19.0,2.0,"Zepto is an Australian fintech company founded in 2018 and based in Byron Bay. It specializes in real-time, data-driven account-to-account (A2A) merchant payment solutions, focusing on the on-demand economy. The company utilizes Australia's New Payments Platform (NPP) to facilitate instant and secure bank-to-bank transfers, allowing merchants to manage and receive payments directly.

The Zepto platform offers advanced A2A payment technology, featuring direct NPP connections for 24/7 instant settlement and handling significant monthly payment volumes. It is the first Australian fintech to achieve open-banking accreditation alongside direct NPP connectivity. Zepto's infrastructure is built using modern technologies, providing scalable solutions that address the challenges of fragmented payment systems. The company has experienced substantial growth, raising $25 million AUD in funding and processing high volumes for various sectors, including major fintechs and taxi services.",5,1,1,2026-02-09 05:35:25,2026-02-18 00:55:48
26,5a9cfd29a6da98d99a3a282d,Plenti,plenti.com.au,financial services,Sydney,"14 martin place, sydney, new south wales, australia, 2000",144713000.0,110.0,25.0,2.0,"Plenti Group Limited is an Australian fintech company focused on technology-driven consumer lending and investment services. Founded in 2014 and based in Sydney, Plenti offers a range of loans, including automotive lending for personal and commercial vehicles, renewable energy lending for solar and green home improvements, and personal loans for various needs such as debt consolidation and home improvements. The company is recognized as Australia's top-rated personal lender, with a strong emphasis on responsible lending and a fast digital application process.

In addition to its lending services, Plenti operates several investment platforms that allow retail investors to fund loans and earn returns. The company has originated over $2 billion in loans and has seen consistent growth in its financial performance, with total revenue reaching $259.4 million in 2025. Plenti is committed to providing personalized rates based on credit history and has received numerous awards for its services.",5,1,1,2026-02-09 05:35:25,2026-02-18 00:55:51
27,556980e77369642579de4500,MoneyMe,moneyme.com.au,financial services,Sydney,"level 3, 131 macquarie street, sydney, nsw 2000, au",136279000.0,230.0,51.0,3.0,"MONEYME is a digital consumer lender based in New South Wales, Australia, that specializes in providing fast and flexible financial products. Founded in 2013, the company has established itself as a non-bank challenger in the consumer lending market, offering personal loans, credit cards, and car loans through an advanced technology platform. This platform ensures quick outcomes and responsible lending practices, catering to the needs of ambitious Australians, as well as customers in New Zealand and the United Kingdom.

As a Certified B Corporation since August 2023, MONEYME is committed to sustainability and positive social impact. The company supports renewable energy projects and community initiatives, emphasizing accountability and transparency in its operations. With a focus on innovation and customer experience, MONEYME aims to meet the high standards of its clients while maintaining a minor environmental footprint.",5,1,1,2026-02-09 05:35:25,2026-02-18 00:55:54
28,5ebd5ef7122cc3008cf05f0b,Nano Platform,nanoplatform.com,financial services,The Rocks,"level 3, 121 harrington street, the rocks, new south wales 2000, au",4900000.0,26.0,1.0,0.0,"Nano Platform is a financial services technology company based in Sydney, Australia, founded in 2019. The company offers a cloud-based platform designed to automate customer onboarding, underwriting, and decision-making in retail banking product origination. With a focus on improving traditional processes, Nano Platform leverages advanced analytics, AI algorithms, and real-time data orchestration to deliver intelligent digital origination solutions.

The core product is an award-winning SaaS platform that facilitates end-to-end origination for various retail banking products, including mortgages. Key features include real-time data integration, AI-driven personalized customer journeys, and efficient deal management. Nano Platform targets banks, credit unions, non-bank lenders, and finance companies, helping them enhance digital experiences, reduce approval times, and achieve cost efficiencies. The company has received multiple awards for its innovative approach and is supported by a team of experienced professionals from the banking and technology sectors.",1,1,1,2026-02-09 05:35:25,2026-02-18 00:55:57
29,5c25f7c380f93e6b5c1bab43,Lumi,lumi.com.au,financial services,Sydney,"level 23, 227 elizabeth street, lumi finance, sydney, nsw 2000, au",40000000.0,140.0,14.0,1.0,"Lumi is an Australian fintech company founded in 2018, based in Sydney. It specializes in providing fast and flexible financing solutions for small and medium-sized enterprises (SMEs). Lumi utilizes a proprietary AI-powered risk engine to deliver near-instant credit decisions, ensuring transparent pricing and fair lending outcomes. The company has funded over $1.5 billion to more than 15,000 businesses across various industries, supported by a network of over 6,000 broker partners.

Lumi offers a range of unsecured financing options tailored for Australian SMEs, including business loans with flexible terms, lines of credit for ongoing working capital, and embedded finance solutions. The company emphasizes quick applications, same-day funding, and minimal documentation, making it easier for businesses to access the capital they need. With a strong focus on customer service and technology-driven decisions, Lumi continues to support SMEs in achieving their financial goals.",5,1,1,2026-02-09 05:35:25,2026-02-18 00:56:00
30,54a1b9a17468695475274a0b,Wisr,wisr.com.au,financial services,Sydney,"level 9, 333 kent st, sydney, nsw 2000, au",1032000.0,52.0,27.0,0.0,"Wisr is an Australian neo-lender and fintech company that specializes in consumer finance through a digital lending platform. As the first publicly listed neo-lender in Australia, Wisr is dedicated to providing innovative financial solutions that help Australians make informed money decisions. The company is headquartered in Sydney and is listed on the Australian Securities Exchange.

Wisr offers a range of financial products, including personal loans with flexible repayment options and secured vehicle loans. Additionally, the company provides various financial wellness tools such as a debt management tool, a savings feature that rounds up purchases, credit monitoring services, and a money-coaching app. Wisr's services are tailored for Australian consumers looking for accessible and transparent lending solutions to manage debt, consolidate loans, or finance vehicle purchases.",5,1,1,2026-02-09 05:35:25,2026-02-18 00:56:04
31,5f56d9e9f4efd501008a02e4,Superhero,superhero.com.au,financial services,Sydney,"4-6 bligh street, sydney, new south wales, australia, 2000",24400000.0,110.0,18.0,2.0,"Superhero is an Australian fintech company based in Sydney, founded in 2018. It operates as an online broker and superannuation platform aimed at making investing affordable and accessible for a new generation of investors. Since launching ASX trading in 2020 and U.S. trading along with its superannuation product in 2021, Superhero has rapidly grown to serve over 400,000 investors and superannuation members, managing more than $3 billion in funds.

The company offers a mobile-first platform that features low-cost share trading with a flat fee structure and a low minimum investment. Its superannuation product allows for direct investment in stocks and ETFs, providing flexibility for users. Superhero emphasizes user-friendly features, including a quick sign-up process, instant funding options, and portfolio insights. Recognized for its innovation and customer satisfaction, Superhero has received multiple awards and holds an Australian Financial Services Licence regulated by ASIC.",3,1,1,2026-02-09 05:35:25,2026-02-18 00:56:07
32,6133b11858b6bf0001a97a47,CMC Markets,cmcmarkets.com,financial services,,"133 houndsditch, london, ec3a 7bx, gb",1643370000.0,1500.0,179.0,11.0,"CMC Markets is a global financial services provider and online trading platform, established in 1989 and headquartered in London, UK. The company serves institutional, professional, and retail clients across Europe, Asia-Pacific, and North America. CMC Markets began as a Foreign Exchange market maker and was a pioneer in online retail trading, launching the first online retail FX trading platform in 1996. It has since expanded its offerings to include Contracts for Difference (CFDs), spread betting, and cryptocurrency products.

The company operates through proprietary trading platforms, including its Next Generation platform, which features advanced tools and real-time pricing. CMC Markets generates revenue through spreads, commissions, and trading-related fees. It employs a two-vertical business model, catering to both direct consumers and institutional clients with platform technology and execution services. With over 1 million registered clients in more than 10 countries, CMC Markets continues to grow and innovate, including a focus on Web 3.0 and decentralized finance.",3,1,1,2026-02-09 05:35:25,2026-02-18 00:56:10
33,57c4cd1ea6da986a274ee5bd,Raiiz,raizinvest.com.au,financial services,Sydney,"level 11, 2 bulletin place, sydney, nsw 2000, au",15734000.0,31.0,6.0,3.0,"Raiz Invest Limited is an Australian fintech company based in Sydney, founded in 2016. Originally known as Acorns Australia, it rebranded to Raiz and became publicly listed on the Australian Securities Exchange in 2018. The company specializes in a mobile micro-investing platform that allows users to invest spare change through automated round-ups, recurring deposits starting from AU$5, and lump-sum transfers into diversified portfolios. As of late 2024, Raiz manages approximately AU$1.59–1.65 billion in funds for over 315,000 active customers.

Raiz operates as a digital robo-advisor and wealth-management provider, offering features such as automated portfolio rebalancing and dividend reinvestment. Its core product, the Raiz Micro-Investing App, facilitates investments in various asset classes, including themed equity baskets and Bitcoin. Additional offerings include Raiz Plus for customizable portfolios, Raiz Kids for custodial accounts, and Raiz Rewards for cashback investing. The company emphasizes accessibility for everyday Australians, aiming to integrate investing into daily routines. Raiz has experienced significant growth, with a reported AU$21 million in revenue for FY 2024 and positive EBITDA.",2,1,1,2026-02-09 05:35:25,2026-02-18 00:56:13
34,63b7c23baaaf78000127b582,Webull,webull.com.au,financial services,Sydney,"castlereagh st, sydney, new south wales, australia",0.0,25.0,0.0,1.0,"The Lowest-Cost Chess-Sponsored Broker in Australia. Build your financial independence with simple and affordable solutions. 
 
Whether you are just beginning your investment journey and seeking an intuitive, easy-to-use platform, or you are an experienced trader in search of an advanced online platform for trading stocks, ETFs, options, crypto and more. Join our award-winning platform today.
 
Webull Securities (Australia) Pty. Ltd. (‘Webull Australia') a subsidiary of Webull Corporation (‘Webull') the owner of the trading platform is a leading financial services provider, holding an Australian Financial Services Licence (AFSL 536980) and regulated by the Australian Securities and Investments Commission (‘ASIC'). As a trading participant of both the Australian Securities Exchange (‘ASX') and Cboe Australia (‘Cboe'),",0,1,1,2026-02-09 05:35:25,2026-02-18 00:56:16
35,5d09dac2f65125d02cef4836,Curve,curve.com,financial services,London,"1-10 praed mews, london, england w2 1qy, gb",34000000.0,350.0,45.0,1.0,"Curve is a UK-based fintech company founded in 2015 by Shachar Bialick. It offers a digital wallet and payment card solution that consolidates multiple debit, credit, and payment cards into a single smart card or app. This allows users to manage their payments easily without needing to switch banks. Curve serves over 6 million customers across the UK, US, and 31-32 European markets, processing billions in payments annually.

The flagship product, Curve Pay, is available for iOS and Android. It supports online, in-store, and contactless payments, featuring options like ""Go Back in Time"" to retroactively change payment cards, cashback rewards, and Buy Now Pay Later (BNPL) services. Curve also provides tools for expense management and integrates with wearables for contactless payments. The company has raised nearly $175 million to enhance customer experience, expand internationally, and launch new products, positioning itself as a comprehensive financial super app.",0,1,1,2026-02-09 05:35:25,2026-02-18 00:56:19
36,54a13c1d69702d2bfd5ab301,(Creditor)Watch,creditorwatch.com.au,financial services,Sydney,"109 pitt street, sydney, new south wales, australia, 2000",1000000.0,230.0,44.0,4.0,"CreditorWatch is an Australian financial services and SaaS company founded in 2010. It operates as a leading commercial credit reporting bureau, managing credit files for various business types, including trusts, partnerships, and sole traders. Headquartered in Sydney, the company was acquired by InfoTrack in 2017 and is led by CEO Patrick Coghlan, with a team of approximately 184 employees.

The company offers a comprehensive platform for credit risk management throughout the customer lifecycle. Its key products include Onboard, which provides AI-powered credit scores and automated onboarding; Manage, which offers real-time alerts and risk monitoring; and Collect, which features automated workflows to enhance collections. CreditorWatch also provides credit checks, debtor searches, and tools for small businesses to report late payers. The platform is cloud-based, ensuring high uptime and robust security, and it emphasizes customer-led development, aiming to empower businesses in Australia with effective risk mitigation and credit management solutions.",5,1,1,2026-02-09 05:35:25,2026-02-18 00:56:22
37,5e5614dd8284a80001e0dce2,MogoPlus,mogo.com.au,automotive,Adelaide,"288 glen osmond rd, fullarton, south australia 5063, au",0.0,1.0,0.0,0.0,"Mogo was developed out of the need for Australian dealerships to have access to cost-effective, yet qualified customers. 

Mogo lets dealerships view customer requests, including the make, model, trade-in and postcode before you choose to engage, absolutely free. 

Choose to engage with a customer for a flat $7 to receive contact details, including phone number and email, then start selling!
No success fees or advertising fees, ever. Just access to affordable qualified customers straight to your desktop. 

Even engage with customer's 24/7 using our chat portal so you can take advantage of the 54% of buyers online after hours. 

We know traditional advertising sites have removed many used cars from the market. With mogo's National Trade-In Register make an offer on a used car to top up your used car stock, with no competition from private buyers!

No setup fees or subscriptions, just qualified and cost-effective leads. 
Set up your dealership here:

https://mogo.com.au/dealership-registration-form/",0,1,1,2026-02-09 05:35:25,2026-02-18 00:56:25
38,55923b0b73696418ae41e100,Entsia,entsia.com,information technology & services,Sydney,"level 5, 17-19 bridge st, sydney, new south wales 2000, au",0.0,74.0,22.0,1.0,"Entsia is a software company based in Sydney, Australia, founded in 2011 by CEO Alistair McElligott. The company offers a cloud-based SaaS platform designed to enhance insurance product distribution, policy management, and claims processing for insurers, managing general agents (MGAs), and brokers with binding authority. 

The platform provides a full-lifecycle general insurance administration solution that integrates various functions, including underwriting and claims management. It features pre-built multi-channel distribution, allowing quick access to industry marketplaces, and is flexible enough to support both startups and large enterprises. Entsia's technology helps clients streamline operations, reduce manual handling, and adapt to complex risk structures efficiently. The company focuses on delivering cost-effective and scalable solutions that meet the needs of diverse clients in the insurance sector.",2,1,1,2026-02-09 05:35:25,2026-02-18 00:56:28
39,5ecc9f8fd5c45f0099313c0e,Pathezro,pathzero.com,financial services,Sydney,"10 carrington st, level 11, sydney, new south wales 2000, au",900000.0,15.0,5.0,1.0,"Pathzero is a technology company based in Sydney, founded in 2020. It offers a unified platform designed for managing portfolio climate data, helping financial institutions, asset owners, and fund managers measure, calculate, share, and report emissions data. This platform supports decarbonization efforts and ensures compliance with regulatory standards.

The core offering of Pathzero includes features for data ingestion and integration, emissions calculation, reporting, and analysis. The platform automates the entire climate data lifecycle, enabling users to reconcile data from various sources and prepare for mandatory climate disclosures. Pathzero emphasizes data security and governance, and it connects asset owners with over 550 fund managers representing $4.5 trillion in assets under management. The company has received recognition for its innovative approach, including awards for its contributions to sustainability.",1,1,1,2026-02-09 05:35:25,2026-02-18 00:56:31
79,,Bank of Queensland,boq.com.au,,,,,,,,,0,0,0,2026-02-13 02:39:11,2026-02-13 02:39:11
80,620c81f605363b00a5b4af77,Australian Payments Plus,auspayplus.com.au,financial services,Sydney,"255 george street, sydney, new south wales 2000, au",7000000.0,560.0,95.0,14.0,"Australian Payments Plus (AP+) is a member-owned organization founded in 2022 that manages Australia's domestic payments infrastructure. It brings together BPAY Group, eftpos, and NPP Australia to enhance payment solutions for businesses, government, and consumers. AP+ focuses on innovation, security, and efficiency in payments, processing 5.7 billion transactions in 2024.

The organization oversees key payment systems, including the eftpos debit network, BPAY bill payments, and the New Payments Platform (NPP), which enables real-time payments. AP+ offers a range of services such as digital identity verification, digital wallet solutions, and open payments. With a commitment to reinvesting profits into ecosystem innovation, AP+ emphasizes diversity, equity, and inclusion while supporting over 150 partner institutions and connecting with more than 100 banks and financial entities.",5,1,1,2026-02-13 02:39:11,2026-02-18 00:56:34
81,54a27e2c7468693825646127,Hub24,hub24.com.au,financial services,Sydney,"level 17, 5 martin place, sydney, nsw 2000, au",3394000.0,890.0,92.0,8.0,"HUB24 Limited is an Australia-based financial services company that specializes in integrated platform, technology, and data solutions for the wealth industry. Founded in 2007 and headquartered in Sydney, HUB24 operates primarily through its Platform and Tech Solutions segments. The company is listed on the Australian Securities Exchange and employs approximately 893 to 962 people. It holds about 9% of the Australian platform market, generating significant revenue from superannuation funds management services.

HUB24 offers a range of solutions for financial advisers, stockbrokers, accountants, and their clients, including individuals and self-managed superannuation funds. Its core offerings include the HUB24 Platform for superannuation and investment products, the PARS for portfolio administration, and the myprosperity client portal. Additionally, HUB24 provides cloud-based wealth accounting software through Class and technology solutions via HUBconnect. The company emphasizes innovation and efficiency, aiming to enhance the delivery of professional financial advice across the Australian wealth management sector.",5,1,1,2026-02-13 02:39:11,2026-02-18 00:56:37
83,5d0a75aea3ae6147afc956e8,Zip,zip.co,financial services,Sydney,"180 george street, sydney, new south wales, australia, 2000",700567000.0,990.0,209.0,11.0,"Zip Co Limited, commonly known as Zip, is a prominent Australian fintech company founded in 2013. Headquartered in Sydney, Zip specializes in buy now, pay later (BNPL) services, point-of-sale credit, and digital payment solutions. The company aims to provide fair and flexible payment options, focusing on customer needs and promoting a values-led culture.

Zip operates primarily in Australia, New Zealand, and the United States, following its acquisition of QuadPay. The company offers a range of financial products, including interest-free installment plans, unsecured loans at checkout, and digital payment services like the Zip card. These solutions are designed to benefit consumers, small-to-medium enterprises, and Zip itself, fostering growth and customer loyalty. With a workforce of over 1,000 employees, Zip continues to expand its reach and enhance its technology to better serve millions of customers and tens of thousands of merchants globally.",5,1,1,2026-02-13 02:39:11,2026-02-18 00:56:40
84,5fcaf084c856b10001783813,Aware Super,aware.com.au,financial services,Sydney,"level 28, 388 george street, sydney, nsw 2000, au",15570876000.0,1600.0,59.0,7.0,"Aware Super is an Australian profit-for-members industry superannuation fund based in Sydney, managing over $200 billion in assets for more than 1.1 million members. Established in 1992 as First State Super, it has evolved through several key milestones, including opening membership to all Australians in 2006 and rebranding to Aware Super in 2020 after merging with VicSuper and WA Super.

The fund offers superannuation, insurance, investments, and financial advice to help members maximize their retirement savings. Aware Super provides a range of investment options, including real estate, infrastructure, and sustainable holdings. It emphasizes corporate sustainability and has made significant strides in reducing its carbon footprint. With a strong focus on competitive fees and performance, Aware Super aims to deliver excellent retirement outcomes for its members. The organization also recently expanded its global presence by opening an office in London for direct investments in the UK and Europe.",5,1,1,2026-02-13 02:39:11,2026-02-18 00:56:43
85,5da2e6a3f978a8000177e831,Goldman Sachs,goldmansachs.com,financial services,New York,"200 west street, new york, new york, united states, 10282",125097000000.0,47000.0,5874.0,268.0,"Goldman Sachs Group, Inc. is a prominent global investment bank and financial services firm, established in 1869 in New York City. The company has evolved from a commercial paper brokerage into a leader in investment banking, securities underwriting, trading, asset management, and wealth management. With a presence in over 30 countries and around 43,000 employees, Goldman Sachs operates from its headquarters in Lower Manhattan and regional offices in major financial centers like London, Tokyo, and Zurich.

The firm offers a wide array of services, including M&A advisory, securities underwriting, and private finance. It engages in trading across various asset classes, such as equities, fixed income, and commodities. Goldman Sachs Asset Management provides investment solutions for institutions and high-net-worth individuals. The company is known for its personalized client service and has been involved in significant transactions throughout its history, advising on high-profile deals and pioneering various financial practices.",1,1,1,2026-02-13 02:39:11,2026-02-18 00:56:46
86,6566cfda6219d60001d5d199,Zurich,zurich.com.au,,Sydney,"118 mount street, north sydney, new south wales, australia",0.0,78.0,0.0,0.0,"Zurich Financial Services Australia Limited is a company based out of Sydney, New South Wales, Australia.",0,1,1,2026-02-13 02:39:11,2026-02-18 00:56:49
88,54a11d4669702d9a8b920401,AustralianSuper,australiansuper.com,financial services,Melbourne,"130 lonsdale street, melbourne, victoria, other, 3000",24306000000.0,2500.0,67.0,11.0,"AustralianSuper is Australia's largest superannuation fund, based in Melbourne, Victoria. It manages over A$400 billion in retirement savings for more than 3.6 million members. Established on July 1, 2006, through the merger of the Australian Retirement Fund and the Superannuation Trust of Australia, it has its roots in the 1980s industry super funds aimed at providing universal superannuation for Australians.

The fund's core purpose is to help members achieve optimal financial outcomes in retirement. It focuses on delivering strong long-term returns, maintaining low administration fees, and offering high-value products and services. AustralianSuper operates as a profit-for-member fund, ensuring that all benefits are directed towards its members. It provides a range of investment options, including a flagship Balanced option, and offers member services that prioritize financial interests. With a dedicated team of 1,911 employees, AustralianSuper continues to advocate for improvements in Australia's superannuation system.",5,1,1,2026-02-13 02:39:11,2026-02-18 00:56:52
89,5d8ed6262700b900989bab3c,JP Morgan,jpmorgan.com,financial services,New York,"245 park avenue, new york, new york, united states",20677000000.0,82000.0,2507.0,280.0,"J.P. Morgan is a prominent financial institution specializing in investment banking, commercial banking, financial transaction processing, and asset management. As a subsidiary of JPMorgan Chase & Co., the largest banking institution globally, J.P. Morgan has a rich history dating back to 1799. The firm was officially established in 1871 by J. Pierpont Morgan and Anthony Drexel.

Throughout its history, J.P. Morgan has played a significant role in American finance, including notable achievements such as financing the U.S. government and facilitating the creation of United States Steel, the first billion-dollar corporation. Today, J.P. Morgan continues to serve millions of customers worldwide from its headquarters in New York, offering a wide range of financial services, including private banking.",3,1,1,2026-02-13 02:39:11,2026-02-18 00:56:55
90,54a127ad69702d8eebccf700,QBE,qbe.com,insurance,Sydney,"388 george street, sydney, new south wales 2000, au",18745000000.0,14000.0,373.0,201.0,"QBE Insurance Group Limited is an Australian multinational general insurance and reinsurance company based in Sydney. Founded in 1886, it has grown to operate in 26-27 countries and employs over 11,000 people. In 2023, QBE reported gross written premiums of $21.7 billion, positioning it among the world's top 20 insurers by net earned premium.

The company offers a wide range of insurance products, including commercial, personal, and specialty insurance, as well as reinsurance and risk management solutions. Its personal insurance lines cover areas such as boat, car, home, and travel, while commercial offerings include aviation, liability, and marine insurance. QBE's operations are organized into geographic segments, with a strong presence in North America and various international markets. The company emphasizes customer service, employee motivation, and integrity in delivering quality insurance solutions.",5,1,1,2026-02-13 02:39:11,2026-02-18 00:56:58
92,54a12ab969702d90a2796002,Colonial First State,cfs.com.au,financial services,Sydney,"gpo box 3956, sydney, new south wales, australia, 2001",60000000.0,1600.0,54.0,22.0,"Colonial First State (CFS) is an Australian wealth management group that specializes in investment, superannuation, and retirement products. Founded in 1988, CFS has grown through mergers and acquisitions, becoming a standalone company in 2021. It is headquartered in Sydney and manages over AUD 110 billion in assets, serving nearly 1 million members and supporting over 3 million Australians since its inception.

CFS offers a wide range of superannuation and pension funds, investment platforms, and asset management services. Their products include FirstChoice super and pension products, CFS Edge investment platform, and various diversified portfolios. The company emphasizes low fees, extensive investment choices, and integration with financial planning tools. CFS is committed to sustainability, aiming for net zero emissions by 2050 and a significant reduction in portfolio greenhouse gas emissions. It maintains strong relationships with financial advisers and institutions across Australia, enhancing its service offerings through partnerships with technology providers.",5,1,1,2026-02-13 02:39:11,2026-02-18 00:57:01
93,,Teachers Mutual Bank,tmbank.com.au,,,,,,,,,0,0,0,2026-02-13 02:39:11,2026-02-13 02:39:11
94,56e10180f3e5bb68f1002e44,Shannons,shannons.com.au,insurance,,australia,0.0,110.0,0.0,0.0,Shannons Insurance is a company based out of Australia.,1,1,1,2026-02-13 02:39:11,2026-02-18 00:57:04
95,54a1274669702d8b193ddd00,Tyro,tyro.com,financial services,Sydney,"55 market st, level 18, sydney, new south wales 2000, au",309189000.0,630.0,151.0,5.0,"Tyro Payments Limited is an Australian financial technology company and Authorised Deposit-taking Institution (ADI) that specializes in merchant payment acquiring services. Founded in 2003, Tyro offers a range of solutions including credit, debit, and EFTPOS services, as well as integrated banking and lending products tailored for small and medium enterprises (SMEs) in sectors such as hospitality, retail, services, and health.

Headquartered in Australia, Tyro supports over 76,000 merchants with its cloud-based and mobile banking platforms. The company is known for its innovative features, such as Siri bill payments, Xero Payroll integration, and least-cost routing. Tyro operates through Payments and Banking segments, providing fast EFTPOS terminals, mobile tap-to-pay options, and streamlined lending solutions. With a focus on low-cost, technology-driven services, Tyro aims to empower SMEs and enhance their payment experiences.",5,1,1,2026-02-13 02:39:11,2026-02-18 00:57:07
96,5b83ba2e324d4419be03fafe,Rest Super,rest.com.au,financial services,Sydney,"50 carrington street, sydney, new south wales, australia, 2000",6437000000.0,1800.0,28.0,7.0,"Rest (Retail Employees Superannuation Trust) is an Australian industry superannuation fund established in 1988. It serves around 2 million members, making it one of the largest funds in Australia by membership. With over $93 billion in assets under management as of March 2025, Rest operates as a profit-to-member fund, focusing on low fees and competitive long-term performance.

The fund offers a variety of superannuation solutions, including personal, pensioner, industry, and corporate investment options. Key services include Rest Pay, which helps employers comply with Payday Super regulations, and various retirement planning tools. Rest is governed by a board of directors representing both employees and employers, with Vicki Doyle as the CEO. The fund emphasizes support for its members, including initiatives for First Nations members and a commitment to responsible investment practices.",5,1,1,2026-02-13 02:39:11,2026-02-18 00:57:10
97,5f4915de4f0e1c00017fa2ac,Qudos Bank,qudosbank.com.au,financial services,Sydney,"locked bag 6747, hurstville, new south wales, australia, 1481",71000000.0,900.0,0.0,0.0,"Qudos Bank is a customer-owned bank in Australia, originally established over 60 years ago as Qantas Credit Union. It rebranded to Qudos Bank in 2016 and merged with Bank Australia in July 2025, forming one of the largest customer-owned banks in the country. The bank operates with a strong commitment to its members, emphasizing customer-first banking and community benefits.

With over $17.5 billion in assets and more than 300,000 members, Qudos Bank has branches in New South Wales, Victoria, Queensland, and the Australian Capital Territory. The bank focuses on providing a range of banking products and services, including loans and savings accounts, while implementing technology to enhance customer experience. It prioritizes sustainability and aims for net zero carbon emissions by 2035, ensuring that profits are returned to its members rather than external shareholders.",5,1,1,2026-02-13 02:39:11,2026-02-18 00:57:13
98,54a1ac137468695c82347806,Hollard,hollard.com.au,insurance,North Sydney,"100 mount st, level 5, north sydney, new south wales 2060, au",1543000000.0,860.0,50.0,14.0,"Hollard Insurance Australia, established in 1999, is a privately owned general insurer and part of the Hollard International Group. Headquartered in North Sydney, NSW, it is recognized as one of Australia's largest insurers. The company employs a skilled workforce and emphasizes diversity, inclusion, and collaborative partnerships.

Hollard offers a wide range of general insurance products, including motor, home and contents, business, bicycle, and pet insurance. These products are designed to protect customers' vehicles, homes, businesses, and pets, with a focus on innovative solutions. The company partners with various entities, such as Australian Seniors and Commonwealth Bank, to distribute its offerings to millions of customers across Australia and New Zealand. Hollard is committed to positive business practices and outstanding support for its customers and partners.",5,1,1,2026-02-13 02:39:11,2026-02-18 00:57:16
99,5e5794149c01df00011f738b,Azupay,azupay.com.au,financial services,Sydney,"320 pitt st, sydney, new south wales 2000, au",0.0,41.0,8.0,1.0,"Azupay is an Australian fintech company based in Potts Point, New South Wales, that specializes in real-time payment solutions for enterprises, businesses, banks, and government entities. Founded in 2019, Azupay aims to simplify and enhance the speed and reliability of real-time payments for Australian businesses.

The company offers a range of services built on Australia's New Payments Platform (NPP), including PayID for Business, PayTo, Pay by Bank, and an Account Check Service. Azupay focuses on seamless integration across various payment channels and provides enterprise-grade security features like passkey authentication. With a strong emphasis on customer support and a partnership ecosystem with major banks and payment service providers, Azupay is positioned to deliver significant commercial impact by reducing costs and improving conversion rates.

As of 2025, Azupay has achieved notable market traction, with over 2 million Australians using its services and processing 150 million transactions monthly. The company has been recognized as one of Australia's fastest-growing fintechs and has secured $10 million in funding to support its growth and expansion.",1,1,1,2026-02-13 02:39:11,2026-02-18 00:57:19
100,5569555e736964255d060a00,Future Super,futuresuper.com.au,financial services,Sydney,"lvl 3, 2 bulletin place, sydney, nsw 2000, au",0.0,39.0,4.0,1.0,"Future Super is Australia's first fossil fuel-free superannuation fund, launched in September 2014. It allows members to invest their retirement savings in low-carbon, ethical investments that exclude fossil fuels and support climate solutions. The fund is part of the Smart Future Trust and is managed by Future Group Investment Management Pty Ltd. Future Super is a certified B Corporation, dedicated to using financial resources for positive social and environmental impacts.

The company offers ethical superannuation products that screen out fossil fuel companies and harmful industries. Its investment process includes excluding harmful sectors, selecting positive-impact companies in areas like renewable energy and healthcare, and making direct impact investments in projects such as wind and solar farms. Future Super provides various investment options tailored to different risk and growth levels, all ethically screened. Additionally, its parent entity offers fossil fuel-free mortgage broking and operates sustainability-focused indices. Future Super has received multiple awards for its commitment to ethical investment and member satisfaction.",2,1,1,2026-02-13 02:39:11,2026-02-18 00:57:22
101,5ed2e4fc911f6a000120caa9,Macquarie Bank,macquarie.com.au,investment banking,Kapolei,"939, ae",0.0,2.0,0.0,0.0,"ZonesCorp Infrastructure Fund (ZIF) is a AED 1 billion unlisted infrastructure fund which was launched in April 2006. ZIF currently owns stakes in four assets under a PPP type arrangement including general infrastructure for three industrial cities and one 40,000m3/day industrial waste treatment plant.",0,1,1,2026-02-13 02:39:11,2026-02-18 00:57:25
102,57c4be1da6da9836ba3dc499,Covermore,covermore.com.au,insurance,Sydney,"118 mount street, north sydney, new south wales 2060, au",175400000.0,420.0,38.0,10.0,"Cover-More is an Australian-based global provider of travel insurance, assistance, and travel risk management services. Established in 1986 and now part of Zurich Insurance Group, the company protects over 15 million travelers worldwide each year, including many Australian leisure and business travelers. Cover-More is headquartered in Sydney and has expanded its operations internationally, with significant milestones including acquisitions in China, India, and the USA.

The company specializes in travel insurance, medical assistance, traveler assistance, travel risk management, and employee assistance. Cover-More offers a range of plans, including premium single-trip and annual multi-trip policies, recognized for their quality and protection levels. It operates under several brands, including Cover-More Travel Insurance and Travelex Insurance Services, and serves customers through various channels such as travel agencies, airlines, and digital platforms. Cover-More emphasizes digital transformation, sustainability, and community support, guided by core values of empathy, respect, diversity, and inclusion.",5,1,1,2026-02-13 02:39:11,2026-02-18 00:57:28
103,5f4488697dcf660001d5cb07,epay,epayworldwide.com,financial services,Leawood,"3500 college boulevard, leawood, kansas, 66211, us",835517000.0,1200.0,161.0,52.0,"epay, a segment of Euronet Worldwide, Inc., is a leading global provider of payment processing and prepaid solutions, headquartered in Leawood, Kansas. Founded in 1999, epay has processed over 3.8 billion transactions in 2023 through a vast network of more than 800,000 point-of-sale terminals across 63 countries. The company connects over 1,000 brand partners with consumers through various commerce channels, including eCommerce and mCommerce.

epay offers a wide range of services, including prepaid mobile airtime top-ups, branded payments, digital content, gift cards, bill payment services, and prepaid debit cards. The company also provides payment processing for eCommerce and mCommerce, as well as corporate incentives and rewards. With a strong infrastructure and partnerships with major mobile operators, epay serves both physical retail and online marketplaces, leveraging scalable technology to enhance efficiency and reach.",0,1,1,2026-02-13 02:39:11,2026-02-18 00:57:31
104,556d6970736964127ec60401,Australian Ethical,australianethical.com.au,financial services,Sydney,"level 8, 130 pitt street, sydney, nsw 2000, au",78048000.0,140.0,6.0,1.0,"Australian Ethical Investment Ltd, founded in 1986 and based in Sydney, is Australia's original ethical investment manager. The company specializes in funds management, acting as the responsible entity for ethically screened public offer investment schemes and as a trustee for its Retail Superannuation Fund. With approximately $14.28 billion in funds under management, it serves over 134,000 customers, focusing on delivering attractive returns while promoting positive impacts for people, the planet, and animals.

The company offers a range of ethical investment products, including superannuation options, managed funds, and exchange-traded funds (ETFs). All products are rigorously screened by an in-house Ethical Research team, favoring investments in sectors like renewables, healthcare, and technology, while avoiding harmful industries. Australian Ethical is recognized for its commitment to responsible investing, holding certifications such as Certified B Corporation and RIAA Responsible Investment Leader. Its investment approach emphasizes long-term returns and active stewardship, aiming to drive positive change in the companies it invests in.",5,1,1,2026-02-13 02:39:11,2026-02-18 00:57:34
105,5d357eff80f93e20283a39b4,Newcastle Permanent,newcastlepermanent.com.au,banking,Newcastle,"307 king street, newcastle west, nsw 2302, au",347000000.0,720.0,15.0,9.0,"Newcastle Permanent is a customer-owned bank based in Newcastle, Australia, established in 1903. Originally founded as a cooperative financial institution, it has evolved over the years and merged with Greater Bank in March 2023 to form Newcastle Greater Mutual Group. The bank operates without shareholders, focusing on customer interests.

Newcastle Permanent offers a wide range of banking products and services, including personal banking options like savings accounts, personal loans, and credit cards, as well as home loans and business solutions. The bank also provides financial planning services, insurance products, and digital banking features such as mobile apps and online banking.

The organization is dedicated to community support, having established the Newcastle Permanent Charitable Foundation, which has contributed over $25 million to various initiatives. It actively engages in local programs, including the Newcastle Permanent Primary School Mathematics Competition, fostering education and community wellbeing.",5,1,1,2026-02-13 02:39:11,2026-02-18 00:57:37
106,54a11b9669702da753945600,Swiss RE,swissre.com,insurance,Zuerich,"mythenquai 50/60, zurich, zurich 8022, ch",46756000000.0,15000.0,1168.0,291.0,"Swiss Re Ltd is a leading Swiss multinational reinsurance company, founded in 1863 and headquartered in Zürich, Switzerland. It is recognized as one of the largest reinsurers globally, employing around 14,000 to 15,000 people across approximately 70 to 80 offices in 29 countries. The company is listed on the SIX Swiss Exchange and ranks among the top companies on the Forbes Global 2000 and Fortune Global 500.

Swiss Re operates through three main business units: Property & Casualty Reinsurance, Life & Health Reinsurance, and Corporate Solutions. These units provide specialized reinsurance and risk transfer solutions, leveraging underwriting expertise and data analysis. The company focuses on a wide range of risks, including natural catastrophes, economic crises, and emerging threats like climate change and cybercrime. Swiss Re is committed to sustainability and has a strong financial position, emphasizing client centricity, agility, and integrity in its operations.",5,1,1,2026-02-13 02:39:11,2026-02-18 00:57:40
107,55ea569af3e5bb59080036f4,Afterpay,afterpay.com,financial services,Melbourne,"376-390 collins st, melbourne, victoria 3000, au",696300000.0,590.0,77.0,4.0,"Afterpay is an Australian buy now, pay later (BNPL) technology company that allows consumers to purchase goods and pay in interest-free installments. Founded in 2014 in Sydney, Afterpay launched its core product in 2015, enabling customers to buy products upfront and repay in four equal payments. The company has grown significantly, serving 24 million users globally and processing $27.3 billion in annual payments.

Afterpay operates in multiple markets, including Australia, the US, UK (as Clearpay), Canada, and New Zealand. It partners with approximately 348,000 merchants, enhancing retailer metrics and customer engagement. The company was acquired by Block, Inc. in 2022, further solidifying its position among the top three BNPL services worldwide.",5,1,1,2026-02-13 02:39:11,2026-02-18 00:57:43
108,54a11bda69702d9d7efd6900,Active Super,activesuper.com.au,financial services,Sydney,"level 12, 28 margaret street, sydney, new south wales 2000, au",0.0,71.0,0.0,1.0,"Active Super is an Australian superannuation fund that manages retirement savings for members nationwide. Established in 1997, it originally catered to local government employees and has grown to manage approximately $13.5 billion in assets for over 84,000 members. 

On March 1, 2025, Active Super will merge with Vision Super, resulting in a combined fund of around 165,000 members and more than $29 billion in assets. Active Super offers a variety of superannuation and pension products, including Choice investment options that allow members to select their preferred investment strategies. The company has recently restructured its Choice Investment products for better clarity, with new names reflecting the investment mix. Active Super is headquartered in Sydney, New South Wales, and maintains a team of relationship managers to support its members.",1,1,1,2026-02-13 02:39:11,2026-02-18 00:57:46
109,5b12eca9a6da98dccddd190e,Arab Bank,arabbank.com.au,banking,Sydney,"level 7, 20 bridge street, sydney, new south wales 2000, au",24415000.0,69.0,1.0,2.0,"Arab Bank Australia, also known as abal banking, is a financial institution operating in Australia since 1986. As a wholly owned subsidiary of Arab Bank plc, it specializes in banking services for individuals and companies with connections to the Middle East and North Africa (MENA) region. The bank is headquartered in Sydney and has built a strong reputation for credibility and community support over nearly 40 years.

Arab Bank Australia offers a range of banking products and services tailored to Australian customers with MENA ties. These include trade finance, project finance, investment banking, and general retail and commercial banking. The bank also provides a mobile banking app for convenient account management and fosters business relationships through connections with various chambers of commerce and government bodies. With a focus on customer needs, Arab Bank Australia maintains a highly liquid balance sheet and emphasizes sound profitability and prudent management.",2,1,1,2026-02-13 02:39:11,2026-02-18 00:57:49
110,54a1295269702db8789d5d01,AON,aon.com,financial services,,"122 leadenhall street, london, ec3v 4an, gb",17181000000.0,60000.0,1371.0,808.0,"Aon is a global insurance brokerage and consulting company, recognized as the second largest insurance broker in the world. Founded in 1982 from the merger of Ryan Insurance Group and Combined International Corporation, Aon is headquartered in London, with significant operations in North America based in Chicago. The company employs around 50,000 people and operates in over 120 countries.

Aon focuses on two main areas: Risk Capital and Human Capital. In Risk Capital, it offers insurance brokerage services, reinsurance operations, and risk management consulting. The Human Capital division provides human resources consulting, retirement solutions, health solutions, and benefits administration services. Aon aims to deliver advice and solutions that help clients make informed decisions to protect and grow their businesses.",5,1,1,2026-02-13 02:39:11,2026-02-18 00:57:52
111,54a2433a7468693fda1ff71a,EzyPay,ezypay.com,information technology & services,Sydney,"stone & chalk - level 1/477 pitt st, sydney, nsw 2000, au",14600000.0,150.0,30.0,3.0,"Ezypay is an Australian FinTech company founded in 1996, specializing in cloud-based subscription and recurring payment solutions. Headquartered in Chatswood, New South Wales, Ezypay serves over 6,000 merchants across the Asia-Pacific region, including countries like Australia, New Zealand, Singapore, and Malaysia. The company focuses on simplifying payment processes for subscription-based businesses, particularly in sectors such as gyms and childcare.

Ezypay's cloud billing platform offers features like recurring direct debit payments, customer management, invoicing, and flexible subscription management. The platform is designed for seamless integration and supports multiple currencies and payment methods. Ezypay emphasizes compliance with PCI DSS standards and incorporates innovations like Mastercard’s tokenized payment security. Under the leadership of CEO James Foster, the company continues to expand its international presence and has achieved significant growth in various markets.",4,1,1,2026-02-13 02:39:11,2026-02-18 00:57:55
112,60460750c2f4d1011a85a068,Bank of China,bankofchina.com,banking,Luxembourg City,"55 bd royal, luxembourg, luxembourg 2449, lu",0.0,200.0,2.0,4.0,"Bank of China (Europe) S.A. (BOC Europe) is a Luxembourg-based banking entity established in 1979 as the first Chinese bank branch outside China after 1949. It serves as the European regional hub for the Bank of China Group, with its headquarters located in Luxembourg. In 2022, it rebranded from Bank of China Luxembourg to BOC Europe, consolidating its brand across seven branches in various European countries, including the Netherlands, Belgium, Poland, Sweden, Portugal, Greece, and Ireland.

BOC Europe offers a wide range of banking services, including personal and corporate banking, trade finance, and mortgage loans. It also provides specialized corporate services such as M&A financing, structured finance, and asset management. The bank focuses on supporting cross-border investments for Chinese and European clients, leveraging its extensive network and expertise in the region. In 2023, BOC Europe reported a net profit of €166.4 million and total assets of €31.1 billion, employing over 390 staff from 30 countries.",0,1,1,2026-02-13 02:39:11,2026-02-18 00:57:58
115,54a11b3969702d77c28b2300,Challenger,challenger.com.au,financial services,Mortdale,"level 2, 5 martin place, sydney, nsw 2000, au",490647000.0,570.0,21.0,9.0,"Challenger Limited is an investment management company listed on the ASX, founded in 1985. It focuses on providing financial security solutions for retirement and manages approximately $126 billion in assets. Challenger is recognized as Australia's leading retirement income provider, delivering retirement income solutions for nearly 30 years. The company operates through two main divisions: Challenger Life and Funds Management.

Challenger Life is Australia's largest provider of annuities, managing around $25 billion in assets. It offers various retirement income products, including lifetime and term annuities, as well as CarePlus Income for Aged Care. The Funds Management division, which oversees $121 billion in funds, includes Challenger Investment Management and Fidante, providing access to a range of investment strategies. Challenger is committed to ensuring customer financial security and has received multiple industry awards for its services.",5,1,1,2026-02-13 02:39:11,2026-02-18 00:58:01
116,6161434ababf8600012d451a,AIG,aig.com.au,,Sydney,"l 19, 2 park st, sydney, new south wales, australia, 2000",0.0,0.0,0.0,0.0,"Operating in Australia since 1957, we combine international experience with local expertise. Our worldwide perspective offers the benefits of global experience and anticipation of emerging risks while our local presence provides you with access to professionals who understand your unique market needs. We have offices in Melbourne, Sydney, Perth and Brisbane; and technical expertise and underwriting authority throughout Australia.",0,1,1,2026-02-13 02:39:11,2026-02-18 00:58:04
117,672fdd3ecfd91b000110bf48,Clever AI,clever.com.au,events services,Newcastle,"newcastle, nsw 2300, au",0.0,7.0,0.0,0.0,"Trusted. Experienced. Thoughtful. At Clever, we know how to skilfully manage projects. We have systems and technology to support us, and we understand deadlines. Whether you are after event ideas, advice, someone to take care of the details, or support in developing and delivering a project, we can help.",0,1,1,2026-02-13 02:39:11,2026-02-18 00:58:07
118,55920aa673696447856c1300,Perpetual,perpetual.com.au,financial services,Sydney,"level 14, 123 pitt street, sydney, nsw 2000, au",15101000.0,1900.0,47.0,11.0,"Perpetual Limited is an Australian investment fund and trustee group, established in 1886, with a strong presence in the financial services sector. The company is listed on the S&P/ASX 200 and employs approximately 1,877 people. Perpetual operates as a multi-boutique asset management business, offering a wide range of services including investment management, wealth management, corporate trustee services, financial advice, superannuation services, and philanthropic services.

With a focus on creating enduring prosperity for its clients, Perpetual serves a diverse clientele that includes high net worth individuals, businesses, financial advisers, and not-for-profit organizations. The company has expanded its global reach through acquisitions, enhancing its expertise in various investment strategies. In fiscal 2025, Perpetual generated significant revenue from multiple regions, including Australia, the United States, and the United Kingdom, reflecting its international operations and commitment to sustainability and good governance.",5,1,1,2026-02-13 02:39:11,2026-02-18 00:58:10
120,5d32146aa3ae61040b74f567,Mint Payments,mintpayments.com,financial services,Sydney,"10 bridge st, suite 1, level 8, sydney, new south wales 2000, au",5600000.0,47.0,5.0,0.0,"Mint Payments Limited is an Australian fintech company based in Sydney, specializing in end-to-end payment solutions. Founded in 2006, the company enables businesses to accept and make electronic payments both locally and internationally. Mint Payments holds a significant market share in the travel industry, with over 20% in Australia and New Zealand.

The company offers a wide range of payment solutions, including mobile EFTPOS devices, smart POS systems, and digital payment options such as online payment pages and virtual terminals. Mint Payments also provides specialized products like Mint Protect for security and MintEFT for electronic funds transfers. It serves various industries, including travel, education, insurance, and eCommerce, focusing on businesses that may be underserved by traditional payment providers.

Mint Payments operates in multiple regions, including Australia, New Zealand, the UK, and parts of Asia. The company has seen substantial growth, particularly in the travel sector, with revenue nearly doubling in the last fiscal year.",5,1,1,2026-02-13 02:39:11,2026-02-18 00:58:13
121,54a13c8a69702d24d3231902,Commonwealth Bank,commbank.com.au,financial services,Sydney,"201 sussex street, darling park, sydney, new south wales, australia, 2000",45595936000.0,50000.0,5689.0,343.0,"The Commonwealth Bank of Australia (CommBank) is a leading multinational banking and financial services provider based in Sydney. Founded in 1911, it is one of Australia's ""big four"" banks and the largest publicly traded company on the Australian Securities Exchange. Originally established as a government-owned entity, CommBank became fully privatized in 1996 and has since expanded its services significantly.

CommBank offers a comprehensive range of integrated financial services, including savings and general banking products, personal and business loans, credit cards, and merchant banking. The bank serves approximately 17 million retail, business, and institutional customers across Australia, with a strong focus on digital innovation and customer experience. CommBank has a notable presence in the market, with a significant portion of retail customers considering it their primary financial institution.",5,1,1,2026-02-13 02:39:11,2026-02-18 00:58:16
122,5f472d17465466000112c98f,Chubb,chubb.com,insurance,Zuerich,"bärengasse 32, ch-8001, ch",56150000000.0,43000.0,2800.0,724.0,"Chubb Limited is a global property and casualty insurance company based in Zürich, Switzerland. It was formed in 2016 through the merger of ACE Limited and the Chubb Corporation. The company has a rich history, tracing its roots back to the Insurance Company of North America, founded in 1792, and Chubb & Son, established in 1882. Chubb is listed on the New York Stock Exchange as a component of the S&P 500.

Chubb offers a wide range of insurance products, including marine, cargo, ship, fidelity, surety, casualty, fire, aviation, excess liability, and directors & officers coverage. The company serves individuals and multinational corporations across various industries, focusing on risk prevention and maintaining strong relationships with agents and brokers. Chubb also has a presence in life insurance through Chubb Life Insurance Company of America and supplemental insurance via Combined Insurance Company of America. With operations in the U.S., China, and other regions, Chubb emphasizes innovation and growth through strategic acquisitions and diversification.",5,1,1,2026-02-13 02:39:11,2026-02-18 00:58:20
123,56da2bf6f3e5bb70550025be,AirWallex,airwallex.com,financial services,Doral,"global, global, hk",1000000000.0,1600.0,343.0,18.0,"Airwallex is a global fintech company that provides financial infrastructure and operating systems for businesses to conduct international transactions. Founded in Melbourne, Australia in 2015, the company aims to simplify cross-border payments and foreign exchange, empowering businesses of all sizes to grow without borders. As of 2025, Airwallex has surpassed $1 billion in annual recurring revenue and serves over 200,000 customers, with a valuation of $8 billion.

The company offers a comprehensive financial suite that includes global business accounts, corporate cards, cross-border payments, treasury solutions, and embedded finance services. Airwallex's platform integrates with leading ERP and payment systems, allowing businesses to manage funds in multiple currencies with lower fees and faster settlements. The company has experienced rapid growth, processing over $130 billion in transactions annually and expanding its presence with offices across the Americas, Europe, the Middle East, and Africa.",5,1,1,2026-02-13 02:39:11,2026-02-18 00:58:23
124,62b9ce41c1b61800a3fb8d03,State Street,statestreet.com,financial services,Boston,"one lincoln st, boston, massachusetts 02111, us",20702000000.0,53000.0,1984.0,445.0,"State Street Corporation is a leading American financial services holding company, founded in 1792 in Boston, Massachusetts. As the second oldest financial institution in the U.S., it has grown to operate in over 100 markets globally, employing more than 46,000 people. State Street manages approximately $41.8 trillion in assets under custody and administration and $4.1 trillion in assets under management, making it the fourth-largest asset manager in the world.

The company provides a wide range of financial services tailored for institutional investors, including investment servicing, management, research, trading, and liquidity solutions. State Street is known for its innovative technology platforms, such as State Street Alpha®, which enhance operational efficiency. Its clients include asset managers, pension funds, insurance companies, sovereign wealth funds, and non-profits, among others. State Street plays a significant role in the global financial landscape, processing 11.5% of global financial assets daily.",5,1,1,2026-02-13 02:39:11,2026-02-18 00:58:26
126,5d718186d9ea08009823ec88,Monoova,monoova.com,financial services,Sydney,"201 kent st, sydney, new south wales 2000, au",0.0,84.0,18.0,1.0,"Monoova is an independent Australian fintech platform based in North Sydney, specializing in real-time, automated B2B payment solutions. Founded in 2017 and rebranded in 2019, Monoova aims to enhance payment experiences for businesses of all sizes by facilitating seamless money movement through real-time processing and a single API integration. The company prioritizes compliance and security, utilizing encrypted data and multi-factor authentication.

Monoova offers a comprehensive platform for businesses to receive, manage, and pay funds efficiently. Its services include real-time payments via various methods such as NPP, PayTo, and PayID, along with automated reconciliation and fraud prevention. The customizable API allows for tailored solutions, improving cash flow and customer experiences. Monoova serves diverse industries, including insurance and airlines, and has established partnerships with notable companies to support complex payment needs.",2,1,1,2026-02-13 02:39:11,2026-02-18 00:58:29
127,5a9e1659a6da98d99779abac,AMP Bank,amp.com.au,financial services,Sydney,"50 bridge st, sydney, new south wales 2000, au",778000000.0,4900.0,151.0,49.0,"Amp Tickets is a full-service ticketing and customer support provider that supports events, venues, and promoters. The company caters to organizations looking to move away from large ticket agents while lacking the infrastructure to manage their own ticketing platform.

Amp Tickets offers a range of services, including access to their flexible ticketing platform, Line-Up, which allows clients to sell tickets in a personalized manner and integrate with existing tools through APIs. They also provide event management services, handling complex allocations, custom reports, and last-minute changes. Additionally, Amp Tickets offers comprehensive customer support under the client's brand, achieving a 97% customer satisfaction score. Their targeted support options include assistance during busy sales periods and VIP management.",5,1,1,2026-02-13 02:39:11,2026-02-18 00:58:32
128,54a1358f69702d3e8365bd00,Gen Re,genre.com,insurance,Stamford,"120 long ridge road, stamford, connecticut 06902, us",14500000000.0,1900.0,28.0,32.0,"Gen Re, or General Reinsurance Corporation, is a global reinsurance company that specializes in property/casualty, life, and health reinsurance solutions. As a wholly owned subsidiary of Berkshire Hathaway Inc. since 1998, Gen Re has a rich history dating back to 1921. The company has grown to employ over 2,100 people across more than 40 offices worldwide, maintaining strong financial ratings from key agencies.

Gen Re offers tailored reinsurance solutions and risk management insights to insurers. Its core services include property/casualty reinsurance, which covers major risk areas, and life/health reinsurance that supports insurers globally. The company also provides additional services such as financial derivatives and investment management for the insurance and healthcare sectors. With a commitment to quality underwriting and expertise, Gen Re continues to expand its offerings and maintain its position as a leader in the reinsurance market.",0,1,1,2026-02-13 02:39:11,2026-02-18 00:58:35
129,556d5bc073696411f4d1f800,Australian Military Bank,defencebank.com.au,banking,Melbourne,"31 queen street, level 10, melbourne, vic 3000, au",74000000.0,240.0,1.0,4.0,"Defence Bank is a member-owned mutual bank based in Melbourne, Australia. Established in 1975 as the Defence Forces Credit Union, it was created to meet the banking needs of Australian Defence Force personnel, veterans, and their families. The bank transitioned to a full mutual bank in 2012, focusing on reinvesting profits into member services. With around 40 branches, many located on military bases, Defence Bank serves over 81,000 members and manages more than $4 billion in assets.

The bank offers a comprehensive range of banking products tailored for the Defence community, including transaction and savings accounts, home loans, personal loans, credit cards, and insurance. It also provides wealth and superannuation advice, along with internet and mobile banking services. Defence Bank emphasizes member-first reinvestment and security, aiming to deliver competitive products and high member satisfaction. Its commitment to the Defence community and frontline workers is central to its operations and growth.",5,1,1,2026-02-13 02:39:11,2026-02-18 00:58:38
130,620ce67dd1cc4400a5d92a07,Helia,helia.com.au,insurance,North Sydney,"101 miller street, north sydney, nsw 2060, au",321749000.0,210.0,25.0,4.0,"Helia Group Limited is Australia's leading provider of Lenders Mortgage Insurance (LMI), listed on the Australian Securities Exchange under the ticker HLI. Established in 1965 and headquartered in North Sydney, Helia Group focuses on facilitating residential mortgage lending by transferring risk from lenders to LMI providers. The company employs 204 people and reported a revenue of $516.3 million in 2024.

Helia Group offers a range of services, including LMI products that enable borrowers with smaller deposits to access home loans, risk management solutions for lenders, and support for brokers and lenders. The company provides tools like the Home Deposit Estimator, LMI Fee Estimator, and Servicing Estimator to assist customers in navigating the home ownership process. Helia serves various customer segments, including home buyers, property investors, and financial institutions, helping over 31,000 Australians achieve home ownership in 2024. The company's mission is to accelerate financial wellbeing through home ownership.",5,1,1,2026-02-13 02:39:11,2026-02-18 00:58:41
131,6196c7605314eb00f836944b,SmartPay,smartpay.co,financial services,Minato,"minato city, tokyo, japan",0.0,15.0,2.0,1.0,"欲しい未来の、出発点。
Smartpay（スマートペイ） の 公式アカウントです。
Smartpayは、手数料が一切かからない3回あと払いです。アプリから、支払い期日を待たずにいつでもスマホから「今すぐ支払う」「まとめて支払う」こともできるので安心です。いつもお使いのクレジットカードや銀行口座、Apple Pay、Google Payなどと接続してお使いいただけます。
詳しくは、www.smartpay.co

Our starting point 
First all-in-one payment experience and interest free buy now pay later solution built to solve Japanese consumer payment experience issues and improve merchant conversion rates.

Consumer Value
First Time in Japan : No Interest and Free of charge for credit card users
First Time in Japan : Checkout within 30 seconds. (BNPL single click check out) 
First Time in Japan : Fully Automated Repayment Experience  
Convenience:  No need to visit Kombini for installments or have cash ready for delivery 
No information sharing security anxiety to merchants  they don't know 

Built for Japanese merchant needs  
No Fraud Payments Risk- we take all the fraud risk 
No chargeback management - we manage all chargebacks
Speed of Integration 1 Day Integration Process (Highest quality SDKs and APIs)  
Apple Pay and Google Pay automatically integrated




Our Mission:

By answering the ""wants"" of consumers
We will be changing the standard of paying, shopping and consumer finance solutions.
We do this by defining and delivering on what ‘want' really means.

Smartpay is more than just a technology company; 
We are a company that understands the uncertainty and anxiety people face in the new world of digital commerce. 

Eliminating interest, hidden fees, and the anxiety consumers feel about sharing their data.
We aim to provide the smoothest user experience.
For merchants, we deliver a system solution that focuses on growing their revenue.

For consumers, for businesses, for both. We build ""smart solutions that are seamless to use"".

Smartpay
The digital future you want.",0,1,1,2026-02-13 02:39:11,2026-02-18 00:58:44
132,5fc9c2effbbbef0001c94b95,Avenue Bank,avenuebank.com.au,banking,Sydney,"171 clarence street, sydney, new south wales, australia, 2000",0.0,25.0,3.0,0.0,"Avenue Bank is a digital banking institution based in Sydney, Australia, and is the first bank in the country to specialize in bank guarantees. Founded in 2018 by Colin Porter and Dale Hurley, the bank aims to provide fast and straightforward banking solutions for Australian businesses. As an Authorised Deposit-taking Institution (ADI), Avenue Bank is regulated by the Australian Prudential Regulation Authority (APRA).

The bank's primary offering is fully digital bank guarantees, which can be issued in less than 24 hours. Avenue Bank streamlines the application process, completing necessary checks in under six hours and charging no application fees. Customers can also earn interest on their bank guarantees and have the option to reduce upfront capital requirements with a Low Deposit Bank Guarantee. Avenue Bank primarily serves small and medium-sized enterprises (SMEs) across Australia, providing essential services for lease agreements, performance bonds, and project-related guarantees.",2,1,1,2026-02-13 02:39:11,2026-02-18 00:58:47
133,5d0a85acf65125a1c1fc2dc2,PetSure,petsure.com.au,insurance,Chatswood,"465 victoria ave, sydney, nsw 2067, au",20000000.0,350.0,33.0,9.0,"PetSure is a pet health technology company based in Sydney, Australia, and is the country's first general insurer dedicated exclusively to pets. Founded in 1996, PetSure serves nearly half a million customers across Australia and New Zealand. As a wholly owned subsidiary of Hollard Insurance since 2016, the company has established itself as a leading pet insurance administrator.

PetSure offers a range of pet insurance products that cover various aspects of pet health care, including accident, illness, and emergency coverage. The company also provides a GapOnly® service, allowing consumers to access gap-only pet insurance options. Additionally, PetSure publishes the Pet Health Monitor, an annual report that analyzes pet health trends and behaviors based on Australia's largest pet health database. With a strong operational scale, PetSure processes claims rapidly and supports thousands of customers daily with policy inquiries and claims assistance.",5,1,1,2026-02-13 02:39:11,2026-02-18 00:58:50
134,5cc3f8b7ad443c0984d9f616,Wise,wise.com,financial services,,"the tea building, 56 shoreditch high street, london, e1 6jj, gb",2338156000.0,6000.0,895.0,48.0,"Wise, formerly known as TransferWise, is a British financial technology company based in London. Founded in January 2011 by Kristo Käärmann and Taavet Hinrikus, Wise specializes in low-cost and fast global money transfers, as well as multi-currency account management. The company operates as a Money Service Business and is registered with FinCEN in the US, serving over 15 million customers and facilitating £145 billion in transfers.

Wise offers three main products: the Wise Account for personal multi-currency management, Wise Business for companies handling cross-border payments, and Wise Platform, which allows banks and businesses to integrate efficient money management solutions. The company emphasizes transparency with its pricing, avoiding hidden fees and providing real-time tracking for transfers. With a mission to minimize fees and maximize ease, Wise has established a global network of local banks and direct connections to cut out middlemen, ensuring quick and affordable transactions for individuals and businesses alike.",1,1,1,2026-02-13 02:39:11,2026-02-18 00:58:53
135,60b62a37ad9f7600a46ff684,Great Southern Bank,greatsouthernbank.com.au,banking,Brisbane City,"300 george st, level 27, brisbane city, queensland 4000, au",232000000.0,880.0,52.0,5.0,"Great Southern Bank is a customer-owned mutual bank based in Australia, with a history dating back to 1946. It is one of the largest mutual banks in the country, dedicated to providing fair and affordable finance to help Australians achieve homeownership. The bank is headquartered on the east coast of Australia and serves over 222,700 customers, employing around 1,400 people.

As a certified B Corporation since December 2023, Great Southern Bank emphasizes positive social impact alongside its financial services. It offers a wide range of banking products, including home loans, deposit accounts, and digital banking services. The bank is committed to community-focused initiatives, supporting stable housing, climate action, and ethical investments. Its operations reflect a strong dedication to serving the needs of individuals and communities across Australia.",5,1,1,2026-02-13 02:39:11,2026-02-18 00:58:56
136,56e1d4aff3e5bb46b1000d6f,iCare,icare.nsw.gov.au,insurance,Sydney,"level 15, 321 kent street, sydney, nsw 2000, au",3530000000.0,1600.0,41.0,17.0,"icare NSW (Insurance and Care NSW) is the statutory body of the New South Wales government that manages workers' compensation insurance and care schemes. With AU$32 billion in assets, it serves over 3.7 million customers, making it one of Australia's largest general insurers. icare focuses on providing support for personal injuries sustained at work or on the road, ensuring that injured workers receive the necessary assistance to return to work.

The core product offered by icare is workers' compensation insurance, which covers workplace accidents, commute injuries, and work-related illnesses. This insurance includes medical expenses, rehabilitation, and long-term support for severe injuries. icare also manages claims through appointed Claims Service Providers (CSPs) and offers additional services such as attendant care, healthcare consumables, and policyholder education. The organization emphasizes timely treatment and proactive strategies to alleviate financial stress for both employers and injured workers.",5,1,1,2026-02-13 02:39:11,2026-02-18 00:58:59
137,54a1296269702dc1286c5901,Western Union,westernunion.com,financial services,Denver,"7001 e belleview, denver, co 80237, us",4209700000.0,9100.0,896.0,182.0,"Western Union is a multinational financial services corporation based in Denver, Colorado. Founded in 1851, the company initially operated as a telegraph service before transitioning to focus on global money transfer and payment services. It has a long history of innovation in communication and financial services, having pioneered technologies such as telex.

The primary service offered by Western Union is money transfer, which allows customers to send money across various locations. Additional services include prepaid cards, bill payment solutions, in-country transfers, and online money transfers through its digital platform. The company also provides traditional payment instruments like money orders. Western Union serves a diverse customer base, including both consumers and businesses, and operates through various branded services worldwide. With a vast network of agent locations, it plays a vital role in facilitating cross-border money transfers, particularly for immigrants sending money home.",3,1,1,2026-02-13 02:39:11,2026-02-18 00:59:03
138,5b847c31f874f71f074c5da0,Gateway Bank,gatewaybank.com.au,banking,Sydney,"level 10, 68 york street, sydney, nsw 2000, au",20000000.0,87.0,1.0,3.0,"Gateway Bank is an Australian-owned, customer-focused bank established in 1955 and headquartered in Sydney. It operates with a commitment to prioritizing members over profits, reinvesting all earnings to benefit customers. The bank emphasizes a ""human-first"" approach, providing personalized service through its empowered staff. Gateway Bank is recognized for its ethical practices, including carbon neutrality certification and responsible lending policies.

The bank offers a variety of personal banking products and services, including savings and transaction accounts, home loans, car loans, personal loans, term deposits, and insurance services. It also features the Visa Eco Debit Card made from plant-based materials and provides convenient online banking options through its app and phone banking. Gateway Bank aims to support both its members' financial needs and environmental sustainability with competitive interest rates and fees.",3,1,1,2026-02-13 02:39:11,2026-02-18 00:59:06
139,54a135bf69702d48e21ec400,ClearView,clearview.com.au,financial services,Sydney,"level 15, 20 bond street, sydney, nsw 2000, au",15494000.0,290.0,4.0,4.0,"ClearView Wealth Limited is the parent company of the ClearView Group, based in Australia. It is regulated by APRA as a non-operating entity under the Life Insurance Act 1995. The company is focused on becoming a dedicated life risk insurance provider after divesting its non-core wealth management and financial advice businesses.

ClearView holds key licenses, including an APRA life insurance license and a registrable superannuation entity license. In FY2024, the company made significant progress in its transformation strategy, including the sale of its interest in Centrepoint Alliance Limited and the completion of its responsible manager license sale. ClearView is enhancing its product development and data analytics capabilities to improve portfolio management. The company maintains a strong capital position and has reinstated a dividend reinvestment program, reflecting its commitment to growth in the life insurance sector.",5,1,1,2026-02-13 02:39:11,2026-02-18 00:59:09
140,5a9ed7f1a6da98d94d924b6d,ING Bank,ing.com.au,banking,Sydney,"60 margaret st, sydney, nsw 2000, au",0.0,1800.0,208.0,38.0,"ING Bank (Australia) Limited, known as ING, is a subsidiary of ING Bank N.V. and part of ING Groep N.V. Based in Sydney, it operates a 24/7 contact center in Wyong, NSW, and has offices in major Australian cities. Since obtaining its banking license in 1994, ING has become Australia's fifth largest bank, serving over 2 million customers with a workforce of more than 2,000 employees.

As Australia's first digital-only bank, ING offers a variety of banking services, including transaction accounts, savings accounts with competitive interest rates, home loans, superannuation solutions, low-rate credit cards, personal lending, and insurance options. The bank is committed to innovation and continuously invests in enhancing its platform and product offerings to meet customer needs. In 2024, ING generated approximately $4.9 billion in revenue, primarily from foreign banking activities.",5,1,1,2026-02-13 02:39:11,2026-02-18 00:59:12
142,5592163473696447854f3c00,IMB Bank,imb.com.au,banking,Wollongong,"253 259 crown st, wollongong, new south wales, australia, 2500",89000000.0,750.0,17.0,16.0,"IMB Bank is Australia's oldest bank, established in 1880 in Wollongong. It is the largest mutual bank in the country, with over $8.1 billion in assets and more than 500 employees. IMB serves around 200,000 members and manages AUD $5 billion in deposits. The bank offers a wide range of financial products, including banking services, lending products, finance and insurance services, and digital banking solutions.

IMB was the first Australian bank to introduce Internet banking in 1999, providing members with access through various channels such as online banking, mobile apps, and in-branch services. The bank has received global recognition for its excellence, including accolades from Forbes and Canstar. Additionally, the IMB Bank Community Foundation supports local initiatives, having distributed over $700,000 in grants to not-for-profit organizations across New South Wales, the ACT, and Melbourne.",5,1,1,2026-02-13 02:39:11,2026-02-18 00:59:15
143,556980f27369642531bb4400,Hannover Life Re,hannover-re.com,insurance,Hanover,"karl-wiechert-allee 50, hannover, lower saxony, germany, 30625",27475623000.0,3100.0,157.0,71.0,"Hannover Re (Hannover Rück SE) is a prominent global reinsurance company based in Hannover, Germany. Founded in 1966, it ranks as the third-largest reinsurer worldwide by gross premium income, generating approximately €27-33 billion. The company operates as a pure-play reinsurer, offering comprehensive solutions in property & casualty (P&C) and life & health (L&H) reinsurance. Hannover Re has a vast network of over 170 subsidiaries, branches, and representative offices across all continents, employing more than 3,000 people.

The company has a rich history, marked by significant milestones such as entering the US and Japanese markets in the 1970s and being the first reinsurer to securitize natural catastrophe risks in 2004. Hannover Re emphasizes a partnership approach, focusing on risk sharing and opportunity creation. Its German market operations are managed by its subsidiary, E+S Rück, which is the second-largest P&C reinsurer in Germany. With a strong international presence and a commitment to innovation, Hannover Re continues to be a reliable partner for primary insurers around the globe.",4,1,1,2026-02-13 02:39:11,2026-02-18 00:59:18
144,5eaee66b2530bb00fa1e5427,The Mutual Bank,themutual.com.au,financial services,Maitland,"6 mitchell drive, east maitland, nsw 2323, au",261000.0,93.0,1.0,1.0,"The Mutual Bank is an Australian mutual bank founded in 1888 in Maitland, New South Wales. It was established by local residents with the goal of keeping financial investment within the community. As a customer-owned, not-for-profit institution, it emphasizes community values, member ownership, and financial stability.

The Mutual Bank offers a variety of financial products and services for both personal and business customers. These typically include home loans, business loans, savings accounts, and transaction accounts, all designed to support local community needs. The bank is committed to reinvesting in the community and prioritizes member benefits over shareholder profits. Its customer base primarily consists of individuals and businesses in the Hunter region, who also enjoy democratic control and governance rights within the bank.",5,1,1,2026-02-13 02:39:11,2026-02-18 00:59:21
145,5b835f0d324d440dcf2f36db,Metlife,metlife.com.au,insurance,Sydney,"10 carrington st, brookfield place, l22, sydney, new south wales 2000, au",0.0,400.0,0.0,0.0,"MetLife Australia is a prominent life insurance provider, operating since 2005 as a subsidiary of MetLife Inc. With a commitment to financial protection, the company has assisted over 2.5 million Australians and paid out $6.8 billion in claims. It employs over 400 staff and generated $1.58 billion in revenue in 2023, making it the second largest corporate insurer and third largest group insurer in the country.

The company offers a range of services, including group life insurance, corporate employee benefits, superannuation insurance, and retail insurance solutions. MetLife Australia emphasizes customer-centric products, providing tailored protection integrated with super funds and employer plans. Its innovative 360Health services support customers in managing their health. The company has established partnerships with 13 major superannuation funds and numerous large employers, protecting nearly 1.8 million Australians. MetLife Australia is recognized for its leadership in corporate insurance and has received accolades for its commitment to community support and digital transformation.",3,1,1,2026-02-13 02:39:11,2026-02-18 00:59:24
146,66ffc8da5778b70001268c3c,Suncorp,suncorp.com.au,automotive,Brisbane,"266 george street, brisbane city, queensland, australia",0.0,7.0,0.0,0.0,"Suncorp Insurance is One of Australia's Leading Insurers Offering Home, Contents, Motor and Life Insurance",0,1,1,2026-02-13 02:39:11,2026-02-18 00:59:27
147,54a1340669702d2db46d4b00,Munich Re,munichre.com,insurance,Muenchen,"königinstrasse 107, munich, bavaria 80802, de",64222961000.0,42000.0,397.0,422.0,"Munich Re, founded in 1880 in Munich, Germany, is the world's largest reinsurer and a prominent global risk manager. The company operates through its primary insurance arm, ERGO Group AG, which offers a variety of insurance products across 26 countries, mainly in Europe and Asia. Munich Re specializes in reinsurance products, including property & casualty and life & health reinsurance, generating significant revenue in these sectors.

With a workforce of over 43,000 employees, Munich Re has a strong financial foundation, holding €32.8 billion in equity. The company has a rich history of innovation and expansion, having established international branches early on and continuously evolving its offerings. Notable milestones include the acquisition of HSB Group and pioneering insurance solutions for offshore wind turbines and satellite lifecycles. Munich Re also emphasizes strong client partnerships and maintains a notable art collection that reflects its long-standing commitment to culture and community.",5,1,1,2026-02-13 02:39:11,2026-02-18 00:59:30
148,54a1d3467468694f8f736914,Police Bank,policebank.com.au,banking,Sydney,"25 pelican street, surry hills, sydney, nsw 2010, au",48000000.0,210.0,4.0,2.0,"Police Bank Ltd. is a mutual financial institution located in Surry Hills, Sydney, Australia. Established in 1964, it was originally formed by a group of police officers to create a banking service for their community. Today, it has grown to become one of Australia's largest mutual banks, with over $1.7 billion in assets and a commitment to returning profits to its members through competitive interest rates and services.

The bank offers a wide range of financial products, including transaction and savings accounts, home and personal loans, term deposits, insurance services, and financial planning. It primarily serves the NSW Police Service and their families, as well as border force families, providing specialized accounts for younger members. Police Bank is dedicated to supporting the police community through various initiatives and is governed by a Board of Directors under the supervision of the Australian Prudential Regulation Authority (APRA).",5,1,1,2026-02-13 02:39:11,2026-02-18 00:59:34
149,56dcd61ef3e5bb3fc7000662,Bank Orange,bankorange.com.au,banking,Orange,"288 summer st, orange, new south wales 2800, au",0.0,34.0,0.0,1.0,"Making it real. Orange Credit Union is a regional customer-owned bank based in Orange who has been helping the community for almost 60 years. 

By choosing to bank and borrow with us, our profits go back to You through innovative services and to support the development of our customers and community. 

Our focus is your financial wellness so you can be confident and secure that no matter what stage of life you are at, we are by your side.",1,1,1,2026-02-13 02:39:11,2026-02-18 00:59:37
150,6714d2f7d3eada000172b5e3,Resolution Life,resolutionlife.com.au,,Sydney,"gpo box 5441, sydney, new south wales, australia, 2001",0.0,11.0,0.0,0.0,Resolution Life Australasia is one of the largest life insurers in Australasia with over 1.1 million customers. We’re dedicated to servicing our existing customers.,0,1,1,2026-02-13 02:39:11,2026-02-18 00:59:40
151,54a11c2569702d9d7e8e8a00,NIB,nib.com.au,insurance,Newcastle,"22 honeysuckle drive, newcastle, nsw 2300, au",2141816000.0,1300.0,123.0,20.0,"nib Group (nib) is an Australian private health insurance company founded in 1952. Initially established to provide coverage for workers at BHP Newcastle Steelworks, nib has grown to become Australia's third-largest private health insurer, serving over 1.7 million people, including residents of Australia and New Zealand, as well as international students and workers. The company is publicly listed on the ASX and generated $3.5 billion in revenue in 2025.

nib offers a variety of insurance services, including private health insurance, travel insurance, and corporate health insurance through its subsidiary GU Health. The company is known for its innovative approach, featuring Australia's first 24/7 voicebot for customer service. nib also engages in community initiatives, such as the nibgive volunteering program and partnerships for global health coverage. With a focus on enhancing customer experience, nib continues to expand its operations both nationally and internationally.",5,1,1,2026-02-13 02:39:11,2026-02-18 00:59:43
152,5e564080840a24000117efaf,UBS,ubs.com,financial services,Zuerich,"postbox, zurich, 8001, ch",81294000000.0,107000.0,6548.0,1910.0,"UBS is a prominent global financial services firm based in Zurich and Basel, Switzerland. Established on June 29, 1998, through the merger of Union Bank of Switzerland and Swiss Bank Corporation, UBS has a rich history that spans over 160 years, incorporating various predecessor banks and firms. The company operates as a universal bank, focusing on wealth management, investment banking, and asset management.

UBS has made significant strides in its core business areas, including the establishment of Global Wealth Management in 2018, which emphasizes sustainable investments. The firm has also been innovative in the financial sector, launching the Utility Settlement Coin for digital currency transactions and developing a blockchain lab in London. With a commitment to high corporate governance standards, UBS continues to expand its global presence while maintaining a collaborative culture.",5,1,1,2026-02-13 02:39:11,2026-02-18 00:59:46
153,5e4a1c377b8305008cb5517a,EML,emlpayments.com,financial services,Brisbane,"333 ann street, brisbane city, queensland, australia, 4000",103252000.0,460.0,55.0,11.0,"EML Payments Ltd is a global financial technology company that specializes in prepaid payment card solutions and digital payment infrastructure. Founded in 2001 in Brisbane, Australia, EML has grown to operate in over 25 countries, including North America, Europe, and Australia. The company has undergone significant transformations, including the acquisition of Prepaid Financial Services in 2020 and Sentenial's Nuapay platform in 2021, enhancing its capabilities in the digital payments landscape.

EML offers a range of products, including gift and incentive cards, general purpose reloadable cards, and digital payment solutions. Their services support various applications such as payouts, rewards, and supplier payments. With a robust API set, EML enables partners to implement innovative payment and loyalty solutions efficiently. The company is publicly traded on the Australian Stock Exchange and employs approximately 430 people, serving some of the largest corporate brands worldwide.",4,1,1,2026-02-13 02:39:11,2026-02-18 00:59:49
154,55f1fcddf3e5bb0be2000a92,Mitsui,mitsui.com,international trade & development,Chiyoda,"2-1, otemachi 1-chome, chiyoda-ku, tokyo prefecture, japan, 100-8631",98370336000.0,54000.0,59.0,43.0,"Mitsui & Co., Ltd. is one of Japan's largest general trading companies, operating as a diversified conglomerate with a global presence. Established in 1947, it has roots dating back to the 17th century and has evolved through significant mergers and expansions. The company connects nations, businesses, technology, and ideas to create value across various sectors.

Mitsui engages in a wide range of activities, including resource development and trading in minerals and metals, infrastructure projects, mobility solutions, and chemicals. It also focuses on food trading and retail management, wellness, IT, and communication services. With 122 offices in 62 countries and a workforce of over 5,000 employees, Mitsui emphasizes innovation and collaboration in its operations. The company is headquartered in Tokyo, Japan, and is listed on multiple stock exchanges.",5,1,1,2026-02-13 02:39:11,2026-02-18 00:59:52
155,5f498ba41688e70001d85a34,Standard Chartered,sc.com,banking,,"1 basinghall avenue, london, england ec2v 5dd, gb",41310000000.0,81000.0,2866.0,337.0,"Standard Chartered Bank is a global British multinational bank with a strong presence in over 70 countries. It was formed in 1969 through the merger of The Chartered Bank of India, Australia and China and The Standard Bank of British South Africa. The bank is incorporated in England and has its principal office in London. With a network of over 1,750 branches, it ranks among the top 25 FTSE-100 companies by market capitalization.

The bank offers a wide range of services, including consumer banking, wholesale banking, private banking, wealth management, corporate and investment banking, and treasury services. Standard Chartered serves corporate, institutional, and affluent customers, focusing on emerging markets in Asia, Africa, and the Middle East. Its historical roots and extensive experience in these regions contribute to its strong client relationships and operational expertise.",5,1,1,2026-02-13 02:39:11,2026-02-18 00:59:55
392,5f3ec8ea50c2b5000156c816,Morningstar,morningstar.com,financial services,Chicago,"22 w. washington st., chicago, il 60602, us",2275100000.0,12000.0,1807.0,44.0,"Morningstar, Inc. is a financial services firm based in Chicago, Illinois, founded in 1984 by Joe Mansueto. The company provides independent investment research, data, ratings, and management services to empower investors globally. Morningstar started with a focus on mutual fund analysis and has grown significantly, launching the well-known Morningstar star rating for funds and expanding its offerings over the years.

The firm offers a range of products and services, including fund and investment ratings, detailed research reports, and ESG analysis through its Sustainalytics division. Morningstar also provides digital platforms like Morningstar.com for individual investors and Advisor Workstation for financial professionals. Its tools support portfolio management and include specialized solutions for private market data and retirement plans. Morningstar serves a diverse clientele, including individual investors, financial advisors, and asset-management firms, helping them make informed investment decisions.",5,1,1,2026-02-13 04:25:31,2026-02-18 00:59:58
393,5fca22ab62ba9b00dad3db3a,Gartner,gartner.com,information services,Stamford,"56 top gallant street, stamford, ct 06904, us",6267411000.0,22000.0,1328.0,358.0,"Gartner, Inc. is a prominent global research and advisory firm founded in 1979, with a focus on providing insights and consulting services primarily in information technology (IT). Headquartered in Stamford, Connecticut, Gartner operates over 110 offices in more than 100 countries and employs around 16,000 people. The company reported revenue of $4.25 billion and has a market capitalization of approximately $31.48 billion as of April 2025. Gene Hall has been the CEO since 2004.

Gartner's core offerings include research and advisory services, featuring impactful reports and market analysis tools like the Magic Quadrant and Hype Cycle. The firm provides consulting on IT strategy, digital business operations, and emerging technologies. Over the years, Gartner has expanded its focus beyond IT into areas such as digital transformation and cloud computing, positioning itself as a leading provider in market research. Its client base includes businesses in the IT sector and organizations seeking strategic guidance.",5,1,1,2026-02-13 04:25:31,2026-02-18 01:00:01
430,556da0f773696411e3206501,BNP Paribas,bnpparibas.com,banking,Paris,"16 boulevard des italiens, paris, 75009, fr",47651543000.0,183000.0,3741.0,2287.0,"BNP Paribas is a prominent European bank and global financial institution, formed on May 23, 2000, through the merger of Banque Nationale de Paris and Paribas. With a history that dates back over two centuries, the bank has evolved from various predecessor institutions that played significant roles in financing industrial growth. Today, BNP Paribas operates in 64 countries and employs nearly 178,000 people, focusing on sustainable finance and supporting a low-carbon economy.

The bank is structured into three main divisions: Corporate & Institutional Banking, Commercial, Personal Banking & Services, and Investment & Protection Services. These divisions provide a wide range of services, including corporate banking, retail banking, wealth management, asset management, and insurance. BNP Paribas emphasizes innovation with digital banking solutions and sustainable finance products, catering to individuals, entrepreneurs, SMEs, and large corporations. The bank's global presence and commitment to ethical governance position it as a leader in the financial sector.",5,1,1,2026-02-13 04:25:31,2026-02-18 01:00:04
461,54a116d969702d3ec0f31400,Mercer,mercer.com,professional training & coaching,New York,"1166 6th avenue, new york, new york, united states, 10036",13000000000.0,25000.0,540.0,96.0,"Mercer is a global professional services firm that specializes in talent consulting, health and benefits, retirement, and investment solutions. Founded in 1945 in Vancouver, Canada, Mercer operates in over 130 countries with a workforce of more than 20,000 colleagues. The firm is headquartered in New York City and is part of Marsh McLennan, focusing on data-driven insights and human-centered approaches to support clients, employees, and communities.

Mercer's services are organized into three main areas: Health, Wealth, and Career. The firm offers talent consulting, including workforce strategy and leadership development, health insurance solutions and employee wellness programs, as well as retirement fund management and investment strategy development. Additionally, Mercer provides human resources consulting, financial advisory services, and technology solutions such as HR administration platforms and survey management software. The firm is committed to sustainability and aims to reduce portfolio emissions by 50% by 2030, while delivering tailored solutions to a diverse client base that includes corporations, governments, and non-profits.",5,1,1,2026-02-13 04:25:31,2026-02-18 01:00:07
462,6048a4b434a8b20001e6f666,Shaype,shaype.com,financial services,Sydney,"22-24 hutchinson street, sydney, new south wales 2010, au",0.0,58.0,11.0,0.0,"Shaype is a financial product innovation partner based in Surry Hills, Australia, with an additional office in London, England. Founded in October 2020, Shaype enables businesses to quickly build, test, launch, and optimize embedded financial solutions. The company offers a comprehensive Shaype Ecosystem that includes low/no-code tools, platform building blocks, and enterprise-grade infrastructure, allowing clients to introduce digital financial products in a matter of weeks or months.

As a leading provider of financial technology and payment services in Australia, Shaype simplifies embedded finance with a unified platform that streamlines the process for global financial institutions and emerging enterprises. The company provides a range of services, including technical service delivery, growth advisory, and risk and compliance advisory. Its platform features essential components for digital payment solutions, such as onboarding, transaction processing, and card issuance, along with infrastructure for payment network access and compliance support. Shaype also powers its own app, 'Hay,' for travel and money management.",1,1,1,2026-02-13 04:25:31,2026-02-18 01:00:10
489,54a129b269702d8b19943a02,Tower Australia,tower.co.nz,insurance,Auckland,"136 fanshawe street, auckland, auk 1010, nz",352418000.0,1100.0,58.0,13.0,"Tower Insurance, also known as Tower Limited, is New Zealand's only Kiwi-owned general insurer, offering personal lines and small-to-medium enterprise (SME) insurance products throughout New Zealand and the Pacific Islands, including Fiji and Samoa. Established in 1869, Tower has a rich history and has evolved into a mutual association owned by its policyholders since 1990. The company serves over 300,000 customers, focusing on digital solutions to enhance user experience.

Tower specializes in personal lines insurance, including home, contents, and motor insurance, as well as SME coverage. The company emphasizes data-driven pricing and transparency in premium breakdowns. Its My Tower platform allows for digital claims processing and self-service policy management, making it easier for customers to handle their insurance needs. Tower is committed to sustainability and aims to provide clear, jargon-free policies. With a growing market share and a strong customer satisfaction rating, Tower continues to innovate and expand its services.",0,1,1,2026-02-13 04:25:31,2026-02-18 01:00:13
528,,Bano,banofinancial.com,,,,,,,,,0,0,0,2026-02-13 05:04:40,2026-02-13 05:04:40
551,55f55ea5f3e5bb232d00017e,Australian Settlements Ltd,asl.com.au,financial services,Haymarket,"sydney, new south wales 2000, au",11000000.0,190.0,1.0,3.0,"Australian Settlements Limited (ASL) is a prominent payments technology company in Australia, boasting over 30 years of experience. It specializes in real-time payment solutions and is part of the Banking Circle Group, enhancing its global processing capabilities. ASL is regulated by the Australian Prudential Regulation Authority (APRA) as an Authorised Deposit-taking Institution (ADI), ensuring secure connectivity within Australia's payments ecosystem, including direct settlement with the Reserve Bank of Australia.

ASL offers a range of payment solutions designed to simplify and expedite transactions for businesses. It supports end-to-end global processing for Australian banks, FinTechs, payments businesses, and marketplaces. The company integrates with various payment systems, including the New Payments Platform (NPP), Card Schemes, and BPAY, among others. Additionally, ASL provides card issuance services as a BIN Sponsor and Program Manager for Visa Ready programs, catering to both consumer and commercial needs.",1,1,1,2026-02-13 05:04:40,2026-02-18 01:00:16
555,54a12a1069702db64869e101,Cuscal Limited,cuscal.com,financial services,Sydney,"201 sussex street, darling tower 1, sydney, new south wales 2000, au",91134000.0,640.0,94.0,12.0,"Cuscal Limited is Australia's largest independent provider of end-to-end payments and regulated data services, established in 1966 and headquartered in Sydney. As an Authorised Deposit-taking Institution (ADI), Cuscal combines banking oversight with fintech innovation, playing a significant role in shaping Australia's payments ecosystem. The company has achieved notable milestones, including launching the first ATM in Australia and being the first ADI to offer all three ""Pays"" services.

Cuscal offers a wide range of payment infrastructure and regulated data solutions. These include card issuing services, merchant solutions, real-time payment support, and AI-driven fraud monitoring. The company also provides open banking APIs, compliance tools, and various enablement and support services. Cuscal serves a diverse client base, including banks, credit unions, corporates, and fintechs, helping them navigate the complexities of payment processing and regulatory requirements. With a focus on innovation and secure payment solutions, Cuscal aims to transform how money moves in Australia.",5,1,1,2026-02-13 05:04:40,2026-02-18 01:00:19
589,5e58d490a7e97a0001f5f717,Everest Re,everestglobal.com,insurance,Warren,"100 everest way, warren, new jersey 07059, us",17709000000.0,2500.0,172.0,79.0,"Everest Group, Ltd. is a prominent global reinsurance and insurance organization based in Bermuda, operating in over 115 countries across six continents. The company provides property, casualty, and specialty insurance and reinsurance through its subsidiaries, which include Everest Reinsurance Company and Everest National Insurance Company. Everest is recognized for its strong financial performance and disciplined capital management, with high ratings from A.M. Best, S&P Global, and Moody's.

Founded in 1973 and rebranded in 1996, Everest emphasizes client success and quick, tailored solutions. The company maintains a lean structure and invests in talent to enhance its service offerings. With a focus on risk management, Everest enables businesses to navigate economic challenges effectively. Its extensive product capabilities and commitment to superior customer service position it as a leader in the insurance and reinsurance market.",0,1,1,2026-02-13 05:04:40,2026-02-18 01:00:22
699,54a22fc67468693318d22014,Avant Mutual,avant.org.au,insurance,Sydney,"level 6, darling park 3, 201 sussex street, sydney, nsw 2000, au",358000000.0,630.0,15.0,2.0,"Avant Mutual is Australia's largest member-owned medical indemnity insurer, established in 1893 by a group of doctors. The organization supports over 90,000 healthcare professionals, including doctors and medical students, by providing insurance, financial, legal, and practice management services. Headquartered in Sydney, Avant Mutual operates with a member-first approach, focusing on safeguarding the careers and reputations of its members.

The company offers a range of tailored products and services, including medical indemnity and defense insurance, health insurance specifically for doctors, finance and lending solutions, legal services, and practice management tools. Avant Mutual is dedicated to long-term stability and sustainable growth, ensuring it meets the evolving needs of its members in the Australian healthcare sector.",5,1,1,2026-02-13 05:08:53,2026-02-18 01:00:25
